사용승인일자,화재조기진압용스프링클러보유여부,건물일련번호,스프링클러가용여부,기본주소,시도명,시군구명,법정동명,스프링클러보유여부,화재조기진압용스프링클러가용여부,간이스프링클러보유여부,대상물명,간이스프링클러가용여부,X좌표,Y좌표
19131022.0,N,11000000000054,N,서울특별시 중구 남산동1가,서울특별시,중구,남산동1가,N,N,N,더로드서울,N,198567.97,450784.4
19341030.0,N,11000000000153,N,서울특별시 중구 북창동,서울특별시,중구,북창동,N,N,N,피넛호텔,N,197990.37,451104.82
19500302.0,N,11000000000422,N,서울특별시 종로구 권농동,서울특별시,종로구,권농동,N,N,N,순라 스테이,N,199202.8,452448.01
19520913.0,N,11000000000487,N,서울특별시 용산구 남영동,서울특별시,용산구,남영동,N,N,N,로망스모텔(로망스여관),N,197572.73,448972.41
19531201.0,N,11000000000526,N,서울특별시 종로구 신문로2가,서울특별시,종로구,신문로2가,N,N,N,서대문여관(공가),N,197255.58,452042.04
19540401.0,N,11000000000539,N,서울특별시 중구 충무로5가,서울특별시,중구,충무로5가,N,N,N,남경빌딩,N,199915.19,451205.59
19541201.0,N,11000000000601,N,서울특별시 중구 회현동1가,서울특별시,중구,회현동1가,N,N,N,(선임유예/~240722)뉴썬게스트하우스,N,198269.56,450368.81
19551201.0,N,11000000000675,N,서울특별시 중구 북창동,서울특별시,중구,북창동,N,N,N,은성빌딩,N,197990.37,451104.82
19560130.0,N,11000000000685,N,서울특별시 중구 명동2가,서울특별시,중구,명동2가,N,N,N,명동2가 54-2 건물(꽁돈삼겹살 건물),N,198625.18,451178.81
19561001.0,N,11000000000744,N,서울특별시 중구 북창동,서울특별시,중구,북창동,N,N,N,올스테이 호스텔,N,197990.37,451104.82
19561001.0,N,11000000000748,N,서울특별시 중구 필동2가,서울특별시,중구,필동2가,N,N,N,한일장모텔,N,199455.58,450782.79
19561001.0,N,11000000000753,N,서울특별시 중구 신당동,서울특별시,중구,신당동,N,N,N,신양장,N,201206.4,451081.96
19570402.0,N,11000000000799,N,서울특별시 중구 충무로3가,서울특별시,중구,충무로3가,N,N,N,삼익프린팅,N,199162.38,451154.8
19571001.0,N,11000000000839,N,서울특별시 중구 오장동,서울특별시,중구,오장동,N,N,N,조일빌딩,N,199991.59,451403.19
19580801.0,N,11000000000927,N,서울특별시 중구 태평로2가,서울특별시,중구,태평로2가,N,N,N,"퍼스트스테이호텔이글(구.빅토리아호텔, 호텔통명동)",N,197841.57,451189.62
19581031.0,N,11000000000935,N,서울특별시 종로구 관철동,서울특별시,종로구,관철동,N,N,N,우미관호텔 건물,N,198692.39,451868.81
19590301.0,N,11000000001025,N,서울특별시 중구 회현동1가,서울특별시,중구,회현동1가,N,N,N,힐하우스호텔(구.언덕의집),N,198269.56,450368.81
19590601.0,N,11000000001062,N,서울특별시 중구 태평로2가,서울특별시,중구,태평로2가,N,N,N,서림빌딩,N,197841.57,451189.62
19680905.0,N,11000000001079,N,서울특별시 용산구 원효로2가,서울특별시,용산구,원효로2가,N,N,N,대흥여관,N,196688.71,448227.21
19600401.0,N,11000000001584,N,서울특별시 중구 충무로1가,서울특별시,중구,충무로1가,N,N,N,세기P&C(충무빌딩),N,198354.37,451017.61
19600601.0,N,11000000001628,N,서울특별시 종로구 숭인동,서울특별시,종로구,숭인동,N,N,N,가야장여관,N,201661.62,452470.77
19600901.0,N,11000000001685,N,서울특별시 종로구 와룡동,서울특별시,종로구,와룡동,N,N,N,태양여관,N,199154.42,453338.02
19651031.0,N,11000000001706,N,서울특별시 용산구 한강로2가,서울특별시,용산구,한강로2가,N,N,N,HOTEL MAC(구.우정여관),N,197162.31,447702.4
19601115.0,N,11000000001744,N,서울특별시 중구 남창동,서울특별시,중구,남창동,N,N,N,황금장,N,197947.56,450602.81
19601201.0,N,11000000001767,N,서울특별시 중구 다동,서울특별시,중구,다동,N,N,N,한주화학빌딩,N,198267.18,451734.42
19601201.0,N,11000000001790,N,서울특별시 중구 태평로2가,서울특별시,중구,태평로2가,N,N,N,인천이씨공도공파종친회(오천회관),N,197841.57,451189.62
19601231.0,N,11000000001801,N,서울특별시 중구 을지로2가,서울특별시,중구,을지로2가,Y,N,N,메트로호텔,N,198517.18,451508.81
19610305.0,N,11000000001836,N,서울특별시 중구 신당동,서울특별시,중구,신당동,N,N,N,중앙장여관,N,201206.4,451081.96
19951214.0,N,11000000001860,N,서울특별시 중구 필동1가,서울특별시,중구,필동1가,N,N,N,로카하우스,N,199263.58,450977.59
19610520.0,N,11000000001881,N,서울특별시 종로구 숭인동,서울특별시,종로구,숭인동,N,N,N,영진여관,N,201661.62,452470.77
19610601.0,N,11000000001886,N,서울특별시 중구 충무로1가,서울특별시,중구,충무로1가,N,N,N,왕비집명동3호(보경빌딩),N,198354.37,451017.61
19660619.0,N,11000000001932,N,서울특별시 마포구 염리동,서울특별시,마포구,염리동,N,N,N,호성여관,N,195127.92,449423.65
19611201.0,N,11000000001972,N,서울특별시 중구 충무로2가,서울특별시,중구,충무로2가,N,N,N,두레세계(남일빌딩),N,199012.38,451085.6
19690809.0,N,11000000001982,N,서울특별시 용산구 용산동2가,서울특별시,용산구,용산동2가,N,N,N,덕성모텔 덕성여관,N,198423.14,448851.59
19611220.0,N,11000000001983,N,서울특별시 종로구 낙원동,서울특별시,종로구,낙원동,N,N,N,사바모텔,N,198924.0,452252.01
19671225.0,N,11000000002039,N,서울특별시 중구 남대문로5가,서울특별시,중구,남대문로5가,N,N,N,호텔릿,N,197659.16,450589.62
19650930.0,N,11000000002074,N,서울특별시 종로구 와룡동,서울특별시,종로구,와룡동,N,N,N,호스텔토미,N,199154.42,453338.02
19620414.0,N,11000000002075,N,서울특별시 용산구 한남동,서울특별시,용산구,한남동,N,N,N,화신여관,N,199979.14,448042.36
19620502.0,N,11000000002092,N,서울특별시 중구 남산동2가,서울특별시,중구,남산동2가,N,N,N,호텔 명동역,N,198728.37,450682.8
19621001.0,N,11000000002162,N,서울특별시 중구 산림동,서울특별시,중구,산림동,N,N,N,상원장,N,199533.59,451716.0
19630506.0,N,11000000002165,N,서울특별시 종로구 당주동,서울특별시,종로구,당주동,N,N,N,광화장여관,N,197633.58,452142.83
19621201.0,N,11000000002232,N,서울특별시 중구 을지로5가,서울특별시,중구,을지로5가,N,N,N,뉴천지관광호텔,N,200145.2,451591.59
19630304.0,N,11000000002291,N,서울특별시 중구 남산동1가,서울특별시,중구,남산동1가,N,N,N,동도호텔(구.동도여관),N,198567.97,450784.4
19630406.0,N,11000000002314,Y,서울특별시 중구 장충동2가,서울특별시,중구,장충동2가,Y,N,N,앰배서더 서울 풀만,N,199983.57,450305.18
19630830.0,N,11000000002397,N,서울특별시 마포구 아현동,서울특별시,마포구,아현동,N,N,N,미화여관,N,196018.34,450247.24
19630901.0,N,11000000002403,N,서울특별시 중구 남창동,서울특별시,중구,남창동,N,N,N,금오빌딩,N,197947.56,450602.81
19631001.0,N,11000000002412,N,서울특별시 종로구 와룡동,서울특별시,종로구,와룡동,N,N,N,"현. 노대영건물, 구.동원빌딩(와룡동 116-1)",Y,199154.42,453338.02
19631201.0,N,11000000002468,N,서울특별시 종로구 종로5가,서울특별시,종로구,종로5가,N,N,Y,"라임모텔 (구,동산여관 )",Y,200242.0,452035.19
19560412.0,N,11000000002517,N,서울특별시 용산구 청파동1가,서울특별시,용산구,청파동1가,N,N,N,신진장여관,N,197054.74,449612.02
19640508.0,N,11000000002553,N,서울특별시 용산구 한강로3가,서울특별시,용산구,한강로3가,N,N,N,우성장여관,N,196587.5,447269.61
19641001.0,N,11000000002632,N,서울특별시 중구 명동2가,서울특별시,중구,명동2가,N,N,Y,지암빌딩(유스테이호스텔),Y,198625.18,451178.81
19641004.0,N,11000000002652,N,서울특별시 중구 명동2가,서울특별시,중구,명동2가,N,N,N,유엔에이치인터네셔날(구.경도빌딩--32-2)),N,198625.18,451178.81
19641009.0,N,11000000002655,N,서울특별시 용산구 동자동,서울특별시,용산구,동자동,N,N,N,서정여인숙(우정식당),N,197491.15,449976.42
19650301.0,N,11000000002773,N,서울특별시 중구 신당동,서울특별시,중구,신당동,N,N,N,퀸모텔,N,201206.4,451081.96
19650401.0,N,11000000002794,N,서울특별시 종로구 낙원동,서울특별시,종로구,낙원동,N,N,N,미정여관,N,198924.0,452252.01
19560907.0,N,11000000002809,N,서울특별시 중구 북창동,서울특별시,중구,북창동,N,N,N,용호낙지건물(구.비어캐빈건물),N,197990.37,451104.82
19650407.0,N,11000000002828,N,서울특별시 중구 충무로3가,서울특별시,중구,충무로3가,N,N,N,충무로3가 59-13 지정석 건물(구. 극동의원),N,199162.38,451154.8
19650501.0,N,11000000002848,N,서울특별시 중구 신당동,서울특별시,중구,신당동,N,N,N,신라장여관,N,201206.4,451081.96
19650501.0,N,11000000002852,N,서울특별시 중구 북창동,서울특별시,중구,북창동,N,N,N,대우모텔,N,197990.37,451104.82
19650701.0,N,11000000002893,N,서울특별시 종로구 원남동,서울특별시,종로구,원남동,N,N,N,은성빌딩(화이트하우스),N,199709.21,452580.8
19651001.0,N,11000000002987,N,서울특별시 중구 충무로2가,서울특별시,중구,충무로2가,N,N,N,세종호텔별관,N,199012.38,451085.6
19651001.0,N,11000000003017,N,서울특별시 마포구 염리동,서울특별시,마포구,염리동,N,N,N,국제여인숙,N,195127.92,449423.65
19651109.0,N,11000000003057,N,서울특별시 종로구 관철동,서울특별시,종로구,관철동,N,N,N,H호텔,N,198692.39,451868.81
19651201.0,N,11000000003095,N,서울특별시 중구 명동2가,서울특별시,중구,명동2가,N,N,N,진주빌딩,N,198625.18,451178.81
19660105.0,N,11000000003157,N,서울특별시 종로구 인사동,서울특별시,종로구,인사동,N,N,N,호텔 통,N,198697.99,452157.21
19660430.0,N,11000000003198,N,서울특별시 중구 충무로1가,서울특별시,중구,충무로1가,N,N,N,태평양빌딩(대원실업),N,198354.37,451017.61
19660501.0,N,11000000003237,N,서울특별시 종로구 당주동,서울특별시,종로구,당주동,N,N,N,덕수모텔(구.덕수장여관),N,197633.58,452142.83
19660522.0,N,11000000003243,N,서울특별시 용산구 갈월동,서울특별시,용산구,갈월동,N,N,N,일일모텔(구:일일장여관),N,197470.34,449390.81
19661010.0,N,11000000003259,N,서울특별시 마포구 노고산동,서울특별시,마포구,노고산동,N,N,N,은혜빌딩,Y,194443.93,450233.27
19660601.0,N,11000000003265,N,서울특별시 중구 신당동,서울특별시,중구,신당동,N,N,N,프린스모텔,N,201206.4,451081.96
19650720.0,N,11000000003468,N,서울특별시 중구 회현동1가,서울특별시,중구,회현동1가,N,N,N,미도호텔,N,198269.56,450368.81
19661201.0,N,11000000003482,N,서울특별시 중구 북창동,서울특별시,중구,북창동,N,N,N,북창동  19-3 건물,N,197990.37,451104.82
19661201.0,N,11000000003487,N,서울특별시 중구 명동2가,서울특별시,중구,명동2가,N,N,N,아카시아빌딩(동해탕건물),N,198625.18,451178.81
19661201.0,N,11000000003488,N,서울특별시 중구 주교동,서울특별시,중구,주교동,N,N,N,A여관,N,199873.6,451773.99
19661201.0,N,11000000003490,N,서울특별시 중구 주교동,서울특별시,중구,주교동,N,N,N,현대장,N,199873.6,451773.99
19670101.0,N,11000000003531,N,서울특별시 종로구 인사동,서울특별시,종로구,인사동,N,N,N,호텔가온(구.뉴월드모텔),N,198697.99,452157.21
19670101.0,N,11000000003532,Y,서울특별시 중구 장충동2가,서울특별시,중구,장충동2가,Y,N,N,반얀트리호텔(구.타워호텔),N,199983.57,450305.18
19850209.0,N,11000000003636,N,서울특별시 중구 황학동,서울특별시,중구,황학동,N,N,N,인득여관,N,201822.41,451690.76
19651026.0,N,11000000003655,Y,서울특별시 종로구 종로2가,서울특별시,종로구,종로2가,Y,N,N,서울 YMCA,Y,198892.39,452066.81
19670501.0,N,11000000003699,N,서울특별시 중구 남학동,서울특별시,중구,남학동,N,N,N,진포레스트,N,199118.78,450919.6
19671220.0,N,11000000003808,N,서울특별시 종로구 돈의동,서울특별시,종로구,돈의동,N,N,N,레몬트리,N,199111.2,452186.81
19670809.0,N,11000000003861,N,서울특별시 종로구 관훈동,서울특별시,종로구,관훈동,N,N,N,HH모텔,N,198578.0,452426.42
19670914.0,N,11000000003939,N,서울특별시 용산구 갈월동,서울특별시,용산구,갈월동,N,N,N,코스테이(김치게스트하우스),N,197470.34,449390.81
19671001.0,N,11000000003998,N,서울특별시 중구 충무로2가,서울특별시,중구,충무로2가,N,N,N,금성빌딩(명동고시레),N,199012.38,451085.6
19601101.0,N,11000000004023,N,서울특별시 종로구 관철동,서울특별시,종로구,관철동,N,N,N,호텔 프렌즈(구.슬리피판더.초원장여관),N,198692.39,451868.81
19671020.0,N,11000000004039,N,서울특별시 용산구 보광동,서울특별시,용산구,보광동,N,N,N,삼성모텔,N,199945.52,447114.75
19671110.0,N,11000000004082,N,서울특별시 중구 광희동1가,서울특별시,중구,광희동1가,N,N,N,왕도모텔,N,200500.4,451437.98
19671210.0,N,11000000004135,N,서울특별시 종로구 관철동,서울특별시,종로구,관철동,N,N,N,대한방직협회 빌딩,N,198692.39,451868.81
19671201.0,N,11000000004140,N,서울특별시 종로구 숭인동,서울특별시,종로구,숭인동,N,N,N,대영장여관(대영장여관),N,201661.62,452470.77
19671201.0,N,11000000004148,N,서울특별시 중구 주교동,서울특별시,중구,주교동,N,N,N,남강빌딩,N,199873.6,451773.99
19651206.0,N,11000000004160,N,서울특별시 중구 신당동,서울특별시,중구,신당동,N,N,N,재화여관,N,201206.4,451081.96
19671217.0,N,11000000004191,N,서울특별시 중구 남산동3가,서울특별시,중구,남산동3가,N,N,N,명동게스트하우스 꼬모,N,198849.18,450938.0
19680201.0,N,11000000004282,N,서울특별시 중구 명동2가,서울특별시,중구,명동2가,N,N,N,명덕빌딩(명동2가 87-4),N,198625.18,451178.81
19680201.0,N,11000000004284,N,서울특별시 중구 남학동,서울특별시,중구,남학동,N,N,N,스타호스텔,N,199118.78,450919.6
19680212.0,N,11000000004298,N,서울특별시 마포구 대흥동,서울특별시,마포구,대흥동,N,N,N,그랜드여관 건물,N,194929.12,449738.05
19680401.0,N,11000000004359,N,서울특별시 종로구 낙원동,서울특별시,종로구,낙원동,N,N,N,에비뉴162,N,198924.0,452252.01
19680422.0,N,11000000004417,N,서울특별시 용산구 남영동,서울특별시,용산구,남영동,N,N,N,스프링라이트 모텔(구.첼로모텔),N,197572.73,448972.41
19690818.0,N,11000000004446,N,서울특별시 마포구 망원동,서울특별시,마포구,망원동,N,N,N,남양모텔건물,N,191213.51,450506.12
19680706.0,N,11000000004449,N,서울특별시 마포구 염리동,서울특별시,마포구,염리동,N,N,N,혜성여관,N,195127.92,449423.65
19680615.0,N,11000000004546,N,서울특별시 용산구 청파동3가,서울특별시,용산구,청파동3가,N,N,N,청파여관(현.주택),N,197011.53,448999.21
19680701.0,N,11000000004576,N,서울특별시 종로구 종로5가,서울특별시,종로구,종로5가,N,N,N,흥안빌딩,N,200242.0,452035.19
19680705.0,N,11000000004618,N,서울특별시 종로구 돈의동,서울특별시,종로구,돈의동,N,N,N,"Z 호텔(구,초코렛여관)",N,199111.2,452186.81
19680719.0,N,11000000004633,N,서울특별시 용산구 원효로2가,서울특별시,용산구,원효로2가,N,N,N,화전장여관,N,196688.71,448227.21
19680801.0,N,11000000004671,N,서울특별시 중구 남대문로5가,서울특별시,중구,남대문로5가,N,N,N,테마모텔,N,197659.16,450589.62
19680805.0,N,11000000004698,Y,서울특별시 중구 충무로2가,서울특별시,중구,충무로2가,Y,N,N,세종호텔,N,199012.38,451085.6
19680830.0,N,11000000004715,N,서울특별시 마포구 상수동,서울특별시,마포구,상수동,N,N,N,에이레이(A Rey)모텔(구.성원여관,N,193282.7,449265.68
19680901.0,N,11000000004721,N,서울특별시 마포구 아현동,서울특별시,마포구,아현동,N,N,N,아현동347-12건물,N,196018.34,450247.24
19680901.0,N,11000000004722,N,서울특별시 마포구 아현동,서울특별시,마포구,아현동,N,N,N,아담여관,N,196018.34,450247.24
19680901.0,N,11000000004724,N,서울특별시 마포구 공덕동,서울특별시,마포구,공덕동,N,N,N,공덕동105-228건물(쉼스테이),N,196398.74,449768.43
19680901.0,N,11000000004755,N,서울특별시 중구 광희동1가,서울특별시,중구,광희동1가,N,N,N,행복한 원룸,N,200500.4,451437.98
19680925.0,N,11000000004796,N,서울특별시 종로구 익선동,서울특별시,종로구,익선동,N,N,N,세화호스텔,N,199020.0,452449.21
19680930.0,N,11000000004803,Y,서울특별시 중구 충무로2가,서울특별시,중구,충무로2가,Y,N,N,나인트리 바이 파르나스서울 명동 1호텔,N,199012.38,451085.6
19681025.0,N,11000000004957,N,서울특별시 종로구 숭인동,서울특별시,종로구,숭인동,N,N,N,대성장여관(쉬고 게스트 하우스),N,201661.62,452470.77
19681101.0,N,11000000004998,N,서울특별시 중구 주교동,서울특별시,중구,주교동,N,N,N,순양빌딩,N,199873.6,451773.99
19681201.0,N,11000000005052,N,서울특별시 중구 신당동,서울특별시,중구,신당동,N,N,N,Q모텔,N,201206.4,451081.96
19611210.0,N,11000000005060,N,서울특별시 중구 남산동2가,서울특별시,중구,남산동2가,Y,N,N,프린스호텔,N,198728.37,450682.8
19681201.0,N,11000000005067,N,서울특별시 중구 쌍림동,서울특별시,중구,쌍림동,N,N,N,이학여관,N,200302.39,451249.58
19681212.0,N,11000000005158,N,서울특별시 중구 남산동2가,서울특별시,중구,남산동2가,N,N,N,남산 길 하우스,N,198728.37,450682.8
19681231.0,N,11000000005192,N,서울특별시 종로구 창신동,서울특별시,종로구,창신동,N,N,N,동대문호텔(롯데리아),N,201063.62,452547.98
19690401.0,N,11000000005383,N,서울특별시 종로구 숭인동,서울특별시,종로구,숭인동,N,N,N,휴모텔(구.귀빈장)(휴모텔),N,201661.62,452470.77
19691008.0,N,11000000005427,N,서울특별시 종로구 창신동,서울특별시,종로구,창신동,N,N,N,바티카 호텔(VATICA HOTEL)삼호호텔,N,201063.62,452547.98
19690501.0,N,11000000005437,N,서울특별시 마포구 염리동,서울특별시,마포구,염리동,N,N,N,크로바여관,N,195127.92,449423.65
19690501.0,N,11000000005460,N,서울특별시 중구 장충동2가,서울특별시,중구,장충동2가,N,N,N,조이게스트하우스,N,199983.57,450305.18
19691011.0,N,11000000005465,N,서울특별시 중구 남대문로5가,서울특별시,중구,남대문로5가,N,N,N,M 모텔,N,197659.16,450589.62
19690510.0,N,11000000005530,Y,서울특별시 중구 명동2가,서울특별시,중구,명동2가,Y,N,N,명동청휘빌딩(소테츠 호텔),N,198625.18,451178.81
19630304.0,N,11000000005676,N,서울특별시 중구 중림동,서울특별시,중구,중림동,N,N,N,한성빌딩,N,196942.36,450766.43
19690820.0,N,11000000005726,N,서울특별시 중구 충무로2가,서울특별시,중구,충무로2가,Y,N,N,청방빌딩(호텔스카이파크 명동3호점),N,199012.38,451085.6
19690901.0,N,11000000005780,N,서울특별시 마포구 공덕동,서울특별시,마포구,공덕동,N,N,N,나루호스텔(구. 영진여관),N,196398.74,449768.43
19690914.0,N,11000000005804,N,서울특별시 용산구 원효로3가,서울특별시,용산구,원효로3가,N,N,N,"플라워하우스(구,태창여관)",N,196185.91,448007.22
19691001.0,N,11000000005900,N,서울특별시 종로구 창신동,서울특별시,종로구,창신동,N,N,N,호텔패밀리아인,N,201063.62,452547.98
19691001.0,N,11000000005910,N,서울특별시 종로구 숭인동,서울특별시,종로구,숭인동,N,N,N,동미여관(동미여관),N,201661.62,452470.77
19691001.0,N,11000000005915,N,서울특별시 중구 중림동,서울특별시,중구,중림동,N,N,N,우리텔,N,196942.36,450766.43
19651026.0,N,11000000005931,N,서울특별시 중구 남창동,서울특별시,중구,남창동,N,N,N,서울백페커스(구:하동여관),N,197947.56,450602.81
19691010.0,N,11000000005949,Y,서울특별시 중구 명동1가,서울특별시,중구,명동1가,Y,N,N,태흥빌딩(이코노미호텔),N,198573.18,451334.01
19691017.0,N,11000000005967,Y,서울특별시 중구 태평로1가,서울특별시,중구,태평로1가,Y,N,N,뉴서울호텔,N,197919.18,451714.02
19691025.0,N,11000000005984,N,서울특별시 서초구 방배동,서울특별시,서초구,방배동,N,N,N,남산여인숙(폐업),N,199442.64,442357.92
19691101.0,N,11000000006030,N,서울특별시 중구 회현동1가,서울특별시,중구,회현동1가,Y,N,N,렉스호텔,N,198269.56,450368.81
19670805.0,N,11000000006075,N,서울특별시 용산구 동자동,서울특별시,용산구,동자동,N,N,N,24게스트하우스 서울역,N,197491.15,449976.42
19691201.0,N,11000000006128,N,서울특별시 중구 필동2가,서울특별시,중구,필동2가,N,N,N,동산장모텔,N,199455.58,450782.79
19691220.0,N,11000000006129,N,서울특별시 중구 초동,서울특별시,중구,초동,N,N,N,베네호텔,N,199239.59,451347.2
19691201.0,N,11000000006133,N,서울특별시 중구 장충동1가,서울특별시,중구,장충동1가,N,N,N,양미여관(신기영건물),N,200577.59,450930.77
19651128.0,N,11000000006135,N,서울특별시 중구 남대문로5가,서울특별시,중구,남대문로5가,N,N,N,힐튼모텔(구:안전장여관),N,197659.16,450589.62
19681001.0,N,11000000006137,N,서울특별시 중구 회현동1가,서울특별시,중구,회현동1가,N,N,N,남산힐호텔(구언덕위의하얀집),N,198269.56,450368.81
19691030.0,N,11000000006158,N,서울특별시 종로구 수송동,서울특별시,종로구,수송동,N,N,N,수송게스트하우스(구.수송장여관),N,198217.59,452376.42
19690407.0,N,11000000006176,N,서울특별시 종로구 장사동,서울특별시,종로구,장사동,N,N,N,센추럴관광호텔,N,199402.4,451881.2
19690826.0,N,11000000006189,N,서울특별시 중구 회현동1가,서울특별시,중구,회현동1가,N,N,N,모딕빌딩(호텔코지명동),N,198269.56,450368.81
19691201.0,N,11000000006190,N,서울특별시 중구 만리동1가,서울특별시,중구,만리동1가,N,N,N,호수장여관,N,197039.95,450432.83
19691201.0,N,11000000006191,N,서울특별시 중구 북창동,서울특별시,중구,북창동,N,N,Y,위더스빌딩 시청(구. 효림빌딩),Y,197990.37,451104.82
19700101.0,N,11000000006358,N,서울특별시 중구 광희동1가,서울특별시,중구,광희동1가,N,N,N,대양여관,N,200500.4,451437.98
19700101.0,N,11000000006359,N,서울특별시 중구 신당동,서울특별시,중구,신당동,N,N,N,영빈장여관,N,201206.4,451081.96
19590214.0,N,11000000006360,N,서울특별시 중구 충무로1가,서울특별시,중구,충무로1가,N,N,N,인송빌딩,N,198354.37,451017.61
19700124.0,N,11000000006410,Y,서울특별시 중구 충무로1가,서울특별시,중구,충무로1가,Y,N,N,명동하늘빌딩(호텔스카이파크 명동1호점),N,198354.37,451017.61
19700205.0,N,11000000006462,N,서울특별시 종로구 숭인동,서울특별시,종로구,숭인동,N,N,N,캐슬장(캐슬장),N,201661.62,452470.77
19700224.0,N,11000000006477,Y,서울특별시 중구 소공동,서울특별시,중구,소공동,Y,N,N,신세계조선호텔(구.웨스틴조선호텔),N,198145.18,451291.22
19700301.0,N,11000000006505,N,서울특별시 종로구 관수동,서울특별시,종로구,관수동,N,N,N,브레드 힐 호텔,N,199087.59,451864.0
19700301.0,N,11000000006524,N,서울특별시 중구 광희동1가,서울특별시,중구,광희동1가,N,N,N,광희동1가 38-1건물,N,200500.4,451437.98
19700310.0,N,11000000006560,N,서울특별시 용산구 한남동,서울특별시,용산구,한남동,N,N,N,모텔아리지(남강여관),N,199979.14,448042.36
19700401.0,N,11000000006643,N,서울특별시 중구 장충동2가,서울특별시,중구,장충동2가,N,N,N,장충인(J C INN),N,199983.57,450305.18
19700401.0,N,11000000006645,N,서울특별시 중구 황학동,서울특별시,중구,황학동,N,N,N,서림여관(서림장여관),N,201822.41,451690.76
19700501.0,N,11000000006731,N,서울특별시 마포구 염리동,서울특별시,마포구,염리동,N,N,N,미미찬(구 금산여관),N,195127.92,449423.65
19651115.0,N,11000000006752,N,서울특별시 종로구 관수동,서울특별시,종로구,관수동,N,N,N,풀리 미니호텔,N,199087.59,451864.0
19700501.0,N,11000000006757,N,서울특별시 중구 필동3가,서울특별시,중구,필동3가,N,N,N,(선임유예)호텔아띠,N,199665.58,450691.59
19700501.0,N,11000000006765,Y,서울특별시 중구 다동,서울특별시,중구,다동,Y,N,N,호텔미드시티명동(구.아시아명동타워),N,198267.18,451734.42
19700501.0,N,11000000006767,N,서울특별시 중구 회현동1가,서울특별시,중구,회현동1가,N,N,N,뉴코리아호텔(구.크라운빌딩) (선임유예),N,198269.56,450368.81
19680528.0,N,11000000006856,N,서울특별시 종로구 필운동,서울특별시,종로구,필운동,N,N,N,수모텔(구.유명장여관),N,197081.59,452834.45
19700610.0,N,11000000006858,N,서울특별시 종로구 숭인동,서울특별시,종로구,숭인동,N,N,N,은진장여관(은진대중사우나),N,201661.62,452470.77
19700601.0,N,11000000006870,N,서울특별시 중구 장충동2가,서울특별시,중구,장충동2가,N,N,N,CF모텔(장충동),N,199983.57,450305.18
19700701.0,N,11000000006989,N,서울특별시 중구 산림동,서울특별시,중구,산림동,N,N,N,에이치투오(석화장여관),N,199533.59,451716.0
19700801.0,N,11000000007074,N,서울특별시 종로구 창신동,서울특별시,종로구,창신동,N,N,N,리베라모텔,N,201063.62,452547.98
19700801.0,N,11000000007083,N,서울특별시 중구 중림동,서울특별시,중구,중림동,N,N,N,대영모텔,N,196942.36,450766.43
19700822.0,N,11000000007151,N,서울특별시 용산구 서계동,서울특별시,용산구,서계동,N,N,N,MK리버티하우스,N,197014.35,450078.02
19691210.0,N,11000000007200,N,서울특별시 종로구 숭인동,서울특별시,종로구,숭인동,N,N,N,mi house(구.서울장모텔),N,201661.62,452470.77
19700828.0,N,11000000007201,N,서울특별시 종로구 종로5가,서울특별시,종로구,종로5가,N,N,N,조은빌딩(구.수암빌딩),N,200242.0,452035.19
19700912.0,N,11000000007237,N,서울특별시 중구 주교동,서울특별시,중구,주교동,N,N,N,고려빌딩,N,199873.6,451773.99
19901016.0,N,11000000007319,N,서울특별시 마포구 노고산동,서울특별시,마포구,노고산동,N,N,N,(전체해체 착공)라세느모텔,N,194443.93,450233.27
19711024.0,N,11000000007320,N,서울특별시 마포구 노고산동,서울특별시,마포구,노고산동,N,N,N,호스텔가온(구.해성장건물),N,194443.93,450233.27
19701001.0,N,11000000007339,N,서울특별시 종로구 종로5가,서울특별시,종로구,종로5가,N,N,N,인터넷모텔,N,200242.0,452035.19
19701001.0,N,11000000007352,N,서울특별시 중구 무학동,서울특별시,중구,무학동,N,N,N,탑모텔,N,201279.6,451341.97
19701001.0,N,11000000007353,N,서울특별시 중구 장충동2가,서울특별시,중구,장충동2가,N,N,N,웰빙텔 동국대점,N,199983.57,450305.18
19680605.0,N,11000000007356,N,서울특별시 중구 필동2가,서울특별시,중구,필동2가,N,N,N,투미유스텔(구.대한장여관),N,199455.58,450782.79
19701005.0,N,11000000007384,N,서울특별시 중구 황학동,서울특별시,중구,황학동,N,N,N,마이더스 모텔,N,201822.41,451690.76
19701101.0,N,11000000007459,N,서울특별시 중구 장충동1가,서울특별시,중구,장충동1가,N,N,N,아이러브동대문(연호장여관),N,200577.59,450930.77
19701201.0,N,11000000007660,N,서울특별시 종로구 창신동,서울특별시,종로구,창신동,N,N,N,금성장여관,N,201063.62,452547.98
19701201.0,N,11000000007671,N,서울특별시 중구 을지로3가,서울특별시,중구,을지로3가,N,N,N,수표로 48-13(을지로3가 322-4) 건물,N,199285.19,451574.8
19701030.0,N,11000000007702,N,서울특별시 용산구 청파동2가,서울특별시,용산구,청파동2가,N,N,N,진양여관,N,196819.53,449362.02
19701220.0,N,11000000007741,N,서울특별시 용산구 한강로3가,서울특별시,용산구,한강로3가,N,N,N,동광장여관,N,196587.5,447269.61
19701231.0,N,11000000007762,N,서울특별시 종로구 홍지동,서울특별시,종로구,홍지동,N,N,N,씨케이 인 종로(구.미라지모텔),N,196096.82,455386.48
19710201.0,N,11000000007823,N,서울특별시 종로구 창신동,서울특별시,종로구,창신동,N,N,N,동문장여관(동문장여관),N,201063.62,452547.98
19710219.0,N,11000000007861,Y,서울특별시 중구 명동1가,서울특별시,중구,명동1가,Y,N,N,로얄호텔,N,198573.18,451334.01
19710306.0,N,11000000007941,Y,서울특별시 중구 명동2가,서울특별시,중구,명동2가,Y,N,N,엠플라자(유투존),N,198625.18,451178.81
19710808.0,N,11000000008004,N,서울특별시 마포구 성산동,서울특별시,마포구,성산동,N,N,N,성미모텔,N,191915.52,451182.11
19710401.0,N,11000000008021,N,서울특별시 마포구 노고산동,서울특별시,마포구,노고산동,N,N,N,두드림원룸텔,N,194443.93,450233.27
19710401.0,N,11000000008042,N,서울특별시 중구 초동,서울특별시,중구,초동,N,N,N,럭키장여관,N,199239.59,451347.2
19710408.0,N,11000000008071,Y,서울특별시 종로구 견지동,서울특별시,종로구,견지동,Y,N,N,더프리마종로(구.아벤트리호텔),N,198433.99,452322.42
19711007.0,N,11000000008090,N,서울특별시 용산구 이촌동,서울특별시,용산구,이촌동,N,N,N,문화여관,N,197463.48,445774.78
19710501.0,N,11000000008142,N,서울특별시 중구 광희동1가,서울특별시,중구,광희동1가,N,N,N,루모텔,N,200500.4,451437.98
19710501.0,N,11000000008143,N,서울특별시 중구 황학동,서울특별시,중구,황학동,N,N,N,중앙여관건물,N,201822.41,451690.76
19710501.0,N,11000000008147,N,서울특별시 중구 충무로3가,서울특별시,중구,충무로3가,N,N,N,한소빌딩,N,199162.38,451154.8
19710512.0,N,11000000008186,N,서울특별시 중구 신당동,서울특별시,중구,신당동,N,N,N,대성여관(8모텔),N,201206.4,451081.96
19661005.0,N,11000000008236,N,서울특별시 종로구 창신동,서울특별시,종로구,창신동,N,N,N,일익빌딩(이일빌딩),N,201063.62,452547.98
19710601.0,N,11000000008242,N,서울특별시 중구 초동,서울특별시,중구,초동,N,N,N,신대신장여관,N,199239.59,451347.2
19710611.0,N,11000000008282,N,서울특별시 용산구 서계동,서울특별시,용산구,서계동,N,N,N,금강모텔(구.금강여관),N,197014.35,450078.02
19710801.0,N,11000000008456,N,서울특별시 종로구 숭인동,서울특별시,종로구,숭인동,N,N,N,만남모텔(구.신화장여관),N,201661.62,452470.77
19710801.0,N,11000000008458,N,서울특별시 중구 광희동2가,서울특별시,중구,광희동2가,N,N,Y,광희동2가 316-1,Y,200673.2,451294.37
19710814.0,N,11000000008508,Y,서울특별시 종로구 종로5가,서울특별시,종로구,종로5가,Y,N,N,24게스트하우스(구.보령장여관),N,200242.0,452035.19
19701224.0,N,11000000008559,N,서울특별시 종로구 창신동,서울특별시,종로구,창신동,N,N,Y,창신동 464-4,Y,201063.62,452547.98
19710901.0,N,11000000008562,N,서울특별시 종로구 창신동,서울특별시,종로구,창신동,N,N,N,별장여관(별장여관),N,201063.62,452547.98
19710901.0,N,11000000008563,N,서울특별시 종로구 숭인동,서울특별시,종로구,숭인동,N,N,N,동양장여관(옛날국밥집),N,201661.62,452470.77
19710901.0,N,11000000008566,N,서울특별시 중구 광희동1가,서울특별시,중구,광희동1가,N,N,N,태성빌딩(구.유관흥건물),N,200500.4,451437.98
19711027.0,N,11000000008683,N,서울특별시 중구 남대문로5가,서울특별시,중구,남대문로5가,N,N,N,이화여관,N,197659.16,450589.62
19710927.0,N,11000000008733,N,서울특별시 용산구 남영동,서울특별시,용산구,남영동,N,N,N,뉴월드호텔(뉴월드모텔),N,197572.73,448972.41
19711101.0,N,11000000008786,N,서울특별시 중구 회현동1가,서울특별시,중구,회현동1가,N,N,N,대영호텔,N,198269.56,450368.81
19711101.0,N,11000000008788,N,서울특별시 중구 중림동,서울특별시,중구,중림동,N,N,N,광덕장여관,N,196942.36,450766.43
19711105.0,N,11000000008821,N,서울특별시 용산구 한강로3가,서울특별시,용산구,한강로3가,N,N,N,태성여관,N,196587.5,447269.61
19711122.0,N,11000000008851,Y,서울특별시 중구 태평로1가,서울특별시,중구,태평로1가,Y,N,N,(주)코리아나호텔,N,197919.18,451714.02
19711105.0,N,11000000008950,N,서울특별시 중구 북창동,서울특별시,중구,북창동,N,N,N,게스트하우스마루(구:선일장안마),N,197990.37,451104.82
19711204.0,N,11000000008972,N,서울특별시 용산구 한강로3가,서울특별시,용산구,한강로3가,N,N,N,동화장여관,N,196587.5,447269.61
19720301.0,N,11000000009126,N,서울특별시 중구 충무로3가,서울특별시,중구,충무로3가,N,N,N,동성빌딩(구.정원빌딩),N,199162.38,451154.8
19720322.0,N,11000000009158,Y,서울특별시 중구 명동1가,서울특별시,중구,명동1가,Y,N,N,호텔28명동,N,198573.18,451334.01
19720501.0,N,11000000009243,N,서울특별시 중구 저동2가,서울특별시,중구,저동2가,N,N,N,귀빈장여관,N,199027.18,451326.8
19720522.0,N,11000000009298,N,서울특별시 종로구 관철동,서울특별시,종로구,관철동,N,N,N,공덕빌딩,N,198692.39,451868.81
19720801.0,N,11000000009485,N,서울특별시 마포구 도화동,서울특별시,마포구,도화동,N,N,N,가나모텔(유진여관),N,195500.31,448811.64
19720819.0,N,11000000009533,N,서울특별시 용산구 한강로2가,서울특별시,용산구,한강로2가,N,N,N,모텔아모르,N,197162.31,447702.4
19641002.0,N,11000000009625,N,서울특별시 용산구 동자동,서울특별시,용산구,동자동,N,N,N,서울네스트,N,197491.15,449976.42
19670619.0,N,11000000009659,N,서울특별시 용산구 청파동1가,서울특별시,용산구,청파동1가,N,N,N,천일여관,N,197054.74,449612.02
19691016.0,N,11000000009669,N,서울특별시 용산구 동자동,서울특별시,용산구,동자동,N,N,N,어바웃스테이 서울역(구.설악장여관),N,197491.15,449976.42
19710917.0,N,11000000009751,N,서울특별시 용산구 청파동1가,서울특별시,용산구,청파동1가,N,N,N,WO모텔(구:사랑방모텔) 건물,N,197054.74,449612.02
19721201.0,N,11000000009772,N,서울특별시 강남구 신사동,서울특별시,강남구,신사동,N,N,N,짝호텔(종로김밥),N,201943.53,446861.12
19651212.0,N,11000000009894,N,서울특별시 중구 황학동,서울특별시,중구,황학동,N,N,N,은성장여관,N,201822.41,451690.76
19730201.0,N,11000000009977,N,서울특별시 중구 광희동1가,서울특별시,중구,광희동1가,N,N,N,호텔클로이(구.루비모텔),N,200500.4,451437.98
19731127.0,N,11000000009994,N,서울특별시 종로구 창신동,서울특별시,종로구,창신동,N,N,N,환희빌딩,N,201063.62,452547.98
19650420.0,N,11000000009997,N,서울특별시 용산구 동자동,서울특별시,용산구,동자동,N,N,N,나나장여관,N,197491.15,449976.42
19601011.0,N,11000000010011,N,서울특별시 중구 황학동,서울특별시,중구,황학동,N,N,N,대림장 모텔,N,201822.41,451690.76
19701012.0,N,11000000010043,N,서울특별시 종로구 낙원동,서울특별시,종로구,낙원동,N,N,N,동신여관(동신모텔),N,198924.0,452252.01
19730401.0,N,11000000010046,N,서울특별시 중구 광희동1가,서울특별시,중구,광희동1가,N,N,N,에비뉴모텔(모아텔),N,200500.4,451437.98
19730401.0,N,11000000010048,N,서울특별시 중구 회현동3가,서울특별시,중구,회현동3가,N,N,N,뉴오리엔탈호텔,N,198521.97,450875.21
19731027.0,N,11000000010564,N,서울특별시 중구 태평로1가,서울특별시,중구,태평로1가,N,N,N,광화문G스퀘어(구.뉴국제호텔),N,197919.18,451714.02
19731105.0,N,11000000010616,N,서울특별시 중구 황학동,서울특별시,중구,황학동,N,N,N,"크리스티호텔(구, 동천장)",N,201822.41,451690.76
19560526.0,N,11000000010623,N,서울특별시 용산구 동자동,서울특별시,용산구,동자동,N,N,N,경기여인숙,N,197491.15,449976.42
19731029.0,N,11000000010657,N,서울특별시 마포구 합정동,서울특별시,마포구,합정동,N,N,N,남경장모텔,N,192132.7,449936.5
19740622.0,N,11000000011356,N,서울특별시 서초구 양재동,서울특별시,서초구,양재동,N,N,N,30month호텔,N,203244.25,441092.25
19740803.0,N,11000000011504,N,서울특별시 중구 광희동1가,서울특별시,중구,광희동1가,N,N,N,부산장여관(탑모텔),N,200500.4,451437.98
19740731.0,N,11000000011635,N,서울특별시 종로구 사직동,서울특별시,종로구,사직동,N,N,N,유앤피호텔(구.산장여관),N,196955.19,452570.45
19880127.0,N,11000000011637,N,서울특별시 종로구 낙원동,서울특별시,종로구,낙원동,N,N,N,종로크라운호텔,N,198924.0,452252.01
19821221.0,N,11000000011648,N,서울특별시 용산구 서계동,서울특별시,용산구,서계동,N,N,Y,마이빌고시텔건물((주)서계코즈),Y,197014.35,450078.02
19741201.0,N,11000000011811,N,서울특별시 중구 광희동1가,서울특별시,중구,광희동1가,N,N,N,정운여관,N,200500.4,451437.98
19741210.0,N,11000000011915,Y,서울특별시 중구 남산동2가,서울특별시,중구,남산동2가,Y,N,N,퍼시픽호텔,N,198728.37,450682.8
19750501.0,N,11000000012364,N,서울특별시 종로구 창신동,서울특별시,종로구,창신동,N,N,N,호스텔베이지(구. 대호장여관),N,201063.62,452547.98
19751020.0,N,11000000012993,Y,서울특별시 중구 명동1가,서울특별시,중구,명동1가,Y,N,N,타임워크명동빌딩(이비스앰배서더명동호텔),N,198573.18,451334.01
19580928.0,N,11000000013428,N,서울특별시 용산구 원효로2가,서울특별시,용산구,원효로2가,N,N,N,크래쉬인 용산,N,196688.71,448227.21
19760519.0,N,11000000013763,N,서울특별시 강남구 역삼동,서울특별시,강남구,역삼동,N,N,N,미송빌딩,N,202854.29,443685.08
19760513.0,N,11000000013774,N,서울특별시 중구 명동2가,서울특별시,중구,명동2가,N,N,Y,시사문화사(명동2가 2-14건물),Y,198625.18,451178.81
19760525.0,N,11000000013790,N,서울특별시 마포구 노고산동,서울특별시,마포구,노고산동,N,N,N,노고산동57-44건물(26.1.1. 공가),N,194443.93,450233.27
19760824.0,N,11000000014203,N,서울특별시 종로구 인사동,서울특별시,종로구,인사동,N,N,N,빙고호스텔,N,198697.99,452157.21
19760901.0,N,11000000014211,N,서울특별시 중구 명동2가,서울특별시,중구,명동2가,N,N,Y,명동빌딩,Y,198625.18,451178.81
19760901.0,N,11000000014215,N,서울특별시 중구 광희동1가,서울특별시,중구,광희동1가,N,N,N,화신여관,N,200500.4,451437.98
19761101.0,N,11000000014501,Y,서울특별시 중구 충무로4가,서울특별시,중구,충무로4가,Y,N,N,호텔 도마,N,199429.18,451109.59
19761211.0,N,11000000014696,Y,서울특별시 중구 저동2가,서울특별시,중구,저동2가,Y,N,N,G2호텔(구.저동 그랜드호텔),N,199027.18,451326.8
19761216.0,N,11000000014703,N,서울특별시 강남구 신사동,서울특별시,강남구,신사동,N,N,N,영일빌딩,N,201943.53,446861.12
19770924.0,N,11000000015012,Y,서울특별시 마포구 서교동,서울특별시,마포구,서교동,Y,N,Y,동교빌딩,Y,192385.51,450317.3
19670520.0,N,11000000015170,N,서울특별시 용산구 동자동,서울특별시,용산구,동자동,N,N,N,광주여인숙,N,197491.15,449976.42
19861231.0,N,11000000015891,N,서울특별시 중구 황학동,서울특별시,중구,황학동,N,N,N,N원룸고시텔(구.신현대독서실)(ABP건물),N,201822.41,451690.76
19780116.0,N,11000000016186,N,서울특별시 종로구 낙원동,서울특별시,종로구,낙원동,N,N,N,테크노모텔(구.문화여관),N,198924.0,452252.01
19581007.0,N,11000000016233,N,서울특별시 용산구 이태원동,서울특별시,용산구,이태원동,N,N,N,이태원모텔(구.광성여관),N,199181.54,448667.98
19780221.0,N,11000000016252,Y,서울특별시 중구 태평로2가,서울특별시,중구,태평로2가,Y,N,N,더플라자호텔,N,197841.57,451189.62
19780316.0,N,11000000016351,N,서울특별시 종로구 낙원동,서울특별시,종로구,낙원동,N,N,N,"달지 게스트하우스(구,호텔팩토리)",N,198924.0,452252.01
19780331.0,N,11000000016379,N,서울특별시 종로구 익선동,서울특별시,종로구,익선동,N,N,N,애플백패커스(구.대구장여관),N,199020.0,452449.21
20080526.0,N,11000000016466,Y,서울특별시 강남구 역삼동,서울특별시,강남구,역삼동,Y,N,N,역삼아르누보씨티,N,202854.29,443685.08
19780529.0,N,11000000016489,Y,서울특별시 용산구 한남동,서울특별시,용산구,한남동,Y,N,N,그랜드하얏트호텔(서울미라마유한회사),N,199979.14,448042.36
19780418.0,N,11000000016502,N,서울특별시 종로구 효제동,서울특별시,종로구,효제동,N,N,N,와모텔 (구.모텔 얌),N,200200.41,452255.99
19780503.0,N,11000000016595,N,서울특별시 중구 충무로2가,서울특별시,중구,충무로2가,Y,N,N,더그랜드호텔(임광수건물),N,199012.38,451085.6
19780501.0,N,11000000016605,N,서울특별시 종로구 숭인동,서울특별시,종로구,숭인동,N,N,N,순금장여관(순금장여관),N,201661.62,452470.77
19780601.0,N,11000000016721,N,서울특별시 중구 오장동,서울특별시,중구,오장동,N,N,N,서린장여관,N,199991.59,451403.19
19780701.0,N,11000000016811,N,서울특별시 마포구 동교동,서울특별시,마포구,동교동,N,N,N,미성장모텔,N,193061.52,450551.29
19781211.0,N,11000000017084,N,서울특별시 서초구 반포동,서울특별시,서초구,반포동,N,N,N,서초빌딩(코코레지던스 강남점),N,201111.49,444769.91
19780901.0,N,11000000017189,N,서울특별시 마포구 노고산동,서울특별시,마포구,노고산동,N,N,N,연남서서갈비(뉴타운모텔),N,194443.93,450233.27
19781001.0,N,11000000017404,N,서울특별시 마포구 노고산동,서울특별시,마포구,노고산동,N,N,N,초컬랫트리(구.프린스여관),N,194443.93,450233.27
19781101.0,N,11000000017519,N,서울특별시 중구 인현동2가,서울특별시,중구,인현동2가,N,N,N,어번레지던스고시원,N,199587.99,451324.79
19781123.0,N,11000000018089,N,서울특별시 강남구 역삼동,서울특별시,강남구,역삼동,N,N,N,마레호텔,N,202854.29,443685.08
19801215.0,N,11000000018413,N,서울특별시 강남구 역삼동,서울특별시,강남구,역삼동,N,N,N,화이트모텔,N,202854.29,443685.08
19790605.0,N,11000000018501,N,서울특별시 용산구 보광동,서울특별시,용산구,보광동,N,N,N,통일여관,N,199945.52,447114.75
19791220.0,N,11000000018538,Y,서울특별시 마포구 도화동,서울특별시,마포구,도화동,Y,N,N,베스트웨스턴프리미엄 서울가든호텔,N,195500.31,448811.64
19730302.0,N,11000000018706,N,서울특별시 종로구 운니동,서울특별시,종로구,운니동,N,N,N,비원게스트하우스(구.비원장장여관),N,198890.0,452675.61
19790910.0,N,11000000018779,N,서울특별시 중구 을지로6가,서울특별시,중구,을지로6가,N,N,N,허브모텔,N,200516.4,451720.78
19791130.0,N,11000000019138,Y,서울특별시 중구 회현동1가,서울특별시,중구,회현동1가,Y,N,N,"보코서울명동(구,티마크호텔)",N,198269.56,450368.81
19791018.0,N,11000000019266,N,서울특별시 강남구 삼성동,서울특별시,강남구,삼성동,N,N,N,호텔클릭(구.호텔마레),N,205485.15,445790.25
19761001.0,N,11000000020082,N,서울특별시 서초구 잠원동,서울특별시,서초구,잠원동,Y,N,N,라트리호텔,N,201177.11,445854.72
19671130.0,N,11000000022062,N,서울특별시 중구 황학동,서울특별시,중구,황학동,N,N,N,신라여관,N,201822.41,451690.76
19810908.0,N,11000000022865,N,서울특별시 서초구 방배동,서울특별시,서초구,방배동,N,N,N,오슬로모텔(구.청아장),N,199442.64,442357.92
19820526.0,N,11000000022869,N,서울특별시 용산구 동빙고동,서울특별시,용산구,동빙고동,N,N,N,치커리(구.잠수장여관),N,199498.32,446908.36
19800829.0,N,11000000023212,N,서울특별시 강남구 논현동,서울특별시,강남구,논현동,N,N,N,올인모텔,N,202596.32,445602.7
19810421.0,N,11000000023303,N,서울특별시 용산구 한강로2가,서울특별시,용산구,한강로2가,N,N,N,손문갈매기살(노블호텔),N,197162.31,447702.4
19801027.0,N,11000000023595,N,서울특별시 강남구 삼성동,서울특별시,강남구,삼성동,N,N,N,호텔스타선릉,N,205485.15,445790.25
19750813.0,N,11000000024557,N,서울특별시 종로구 와룡동,서울특별시,종로구,와룡동,N,N,N,대림장여관,N,199154.42,453338.02
19801201.0,N,11000000024566,N,서울특별시 중구 충무로4가,서울특별시,중구,충무로4가,N,N,N,CF모텔(충무로점),N,199429.18,451109.59
19810105.0,N,11000000024765,N,서울특별시 종로구 창신동,서울특별시,종로구,창신동,N,N,N,나라빌딩,N,201063.62,452547.98
19940421.0,N,11000000024933,N,서울특별시 중구 광희동1가,서울특별시,중구,광희동1가,Y,N,N,호텔라온(구.필스테이)(구.힐타운),N,200500.4,451437.98
19820128.0,N,11000000025059,N,서울특별시 종로구 원남동,서울특별시,종로구,원남동,N,N,N,창경모텔,N,199709.21,452580.8
19810707.0,N,11000000025169,N,서울특별시 중구 을지로3가,서울특별시,중구,을지로3가,Y,N,Y,"아리스타(구,을지빌딩)",Y,199285.19,451574.8
19811118.0,N,11000000025198,N,서울특별시 마포구 합정동,서울특별시,마포구,합정동,N,N,N,서원장건물,N,192132.7,449936.5
19810601.0,N,11000000025283,N,서울특별시 중구 충무로4가,서울특별시,중구,충무로4가,N,N,N,충무모텔(충무빌딩),N,199429.18,451109.59
19810608.0,N,11000000025316,N,서울특별시 중구 남산동2가,서울특별시,중구,남산동2가,N,N,N,OYO5(오요5),N,198728.37,450682.8
19800807.0,N,11000000025363,N,서울특별시 마포구 노고산동,서울특별시,마포구,노고산동,N,N,N,"호텔산타페(건물폐쇄,재개발,26.1.1.)",N,194443.93,450233.27
19810727.0,N,11000000025463,N,서울특별시 서초구 반포동,서울특별시,서초구,반포동,N,N,N,에덴빌딩(스테이서래),N,201111.49,444769.91
19810924.0,N,11000000025646,N,서울특별시 종로구 낙원동,서울특별시,종로구,낙원동,N,N,N,헬로인호텔,N,198924.0,452252.01
19810918.0,N,11000000025676,N,서울특별시 서초구 방배동,서울특별시,서초구,방배동,N,N,N,방배장(렌트하우스),N,199442.64,442357.92
19811024.0,N,11000000025880,N,서울특별시 서초구 내곡동,서울특별시,서초구,내곡동,N,N,N,헌릉관리소,N,206735.46,439567.38
19810908.0,N,11000000025908,N,서울특별시 강남구 역삼동,서울특별시,강남구,역삼동,N,N,N,MUL모텔,N,202854.29,443685.08
19811101.0,N,11000000025915,N,서울특별시 서초구 잠원동,서울특별시,서초구,잠원동,N,N,N,신사장(구.신사여관),N,201177.11,445854.72
19811101.0,N,11000000025918,N,서울특별시 서초구 방배동,서울특별시,서초구,방배동,N,N,N,금강빌딩,N,199442.64,442357.92
19811101.0,N,11000000025937,N,서울특별시 강남구 신사동,서울특별시,강남구,신사동,N,N,N,리츠모텔(구.로즈모텔),N,201943.53,446861.12
19821004.0,N,11000000025938,N,서울특별시 강남구 역삼동,서울특별시,강남구,역삼동,N,N,Y,펠리스호텔,Y,202854.29,443685.08
19811214.0,N,11000000026157,N,서울특별시 서초구 방배동,서울특별시,서초구,방배동,N,N,N,정산장건물(세븐호스텔),N,199442.64,442357.92
19820122.0,N,11000000026169,Y,서울특별시 강남구 역삼동,서울특별시,강남구,역삼동,Y,N,N,삼정관광호텔,N,202854.29,443685.08
19811201.0,N,11000000026174,Y,서울특별시 서초구 잠원동,서울특별시,서초구,잠원동,Y,N,N,더리버사이드호텔,N,201177.11,445854.72
19890503.0,N,11000000026260,Y,서울특별시 중구 소공동,서울특별시,중구,소공동,Y,N,N,롯데호텔신관(롯데백화점 포함),N,198145.18,451291.22
19810210.0,N,11000000026261,Y,서울특별시 중구 소공동,서울특별시,중구,소공동,Y,N,N,롯데호텔본관(호텔관리),N,198145.18,451291.22
19891031.0,N,11000000026397,N,서울특별시 강남구 역삼동,서울특별시,강남구,역삼동,N,N,N,트리아관광호텔,N,202854.29,443685.08
19820125.0,N,11000000026529,N,서울특별시 강남구 신사동,서울특별시,강남구,신사동,Y,N,N,신사애인호텔(구.가로수모텔),N,201943.53,446861.12
19820320.0,N,11000000026634,N,서울특별시 종로구 명륜4가,서울특별시,종로구,명륜4가,N,N,N,쉐라돈호텔(구.삼성여관),N,199936.82,453325.6
19820401.0,N,11000000026648,N,서울특별시 마포구 성산동,서울특별시,마포구,성산동,N,N,N,귀빈장여관,N,191915.52,451182.11
19791023.0,N,11000000026719,N,서울특별시 강남구 역삼동,서울특별시,강남구,역삼동,N,N,N,뉴성심장여관,N,202854.29,443685.08
19820331.0,N,11000000026727,N,서울특별시 서초구 방배동,서울특별시,서초구,방배동,N,N,N,블루문모텔(폐업),N,199442.64,442357.92
19830309.0,N,11000000027152,N,서울특별시 강남구 신사동,서울특별시,강남구,신사동,Y,N,N,라카사호텔,N,201943.53,446861.12
19820720.0,N,11000000027495,Y,서울특별시 서초구 반포동,서울특별시,서초구,반포동,Y,N,N,봄호텔,N,201111.49,444769.91
19820828.0,N,11000000027557,N,서울특별시 송파구 석촌동,서울특별시,송파구,석촌동,N,N,Y,CORNER HOTEL,Y,209096.76,444599.38
19821101.0,N,11000000028022,N,서울특별시 강남구 삼성동,서울특별시,강남구,삼성동,N,N,N,호텔라엠 HOTEL La M,N,205485.15,445790.25
19821201.0,N,11000000028265,N,서울특별시 송파구 거여동,서울특별시,송파구,거여동,N,N,N,청마장여관,N,212603.17,443866.92
19821208.0,N,11000000028281,N,서울특별시 마포구 합정동,서울특별시,마포구,합정동,N,N,N,"준희빈모텔(휴업중,261.1. 자체점검 연기)",N,192132.7,449936.5
19770906.0,N,11000000028312,N,서울특별시 서초구 방배동,서울특별시,서초구,방배동,N,N,N,M모텔,N,199442.64,442357.92
19830120.0,N,11000000028318,N,서울특별시 서초구 방배동,서울특별시,서초구,방배동,N,N,N,스타일호텔,N,199442.64,442357.92
19821216.0,N,11000000028382,N,서울특별시 강남구 역삼동,서울특별시,강남구,역삼동,N,N,N,호텔오늘,N,202854.29,443685.08
19821206.0,N,11000000028388,N,서울특별시 강남구 신사동,서울특별시,강남구,신사동,N,N,N,프린세스호텔,N,201943.53,446861.12
19821123.0,N,11000000028397,N,서울특별시 강남구 청담동,서울특별시,강남구,청담동,N,N,N,펜타리움,N,204282.36,446977.88
19811217.0,N,11000000028463,N,서울특별시 용산구 동자동,서울특별시,용산구,동자동,N,N,N,금주빌딩(k그랜드호텔),N,197491.15,449976.42
19830126.0,N,11000000028605,N,서울특별시 서초구 방배동,서울특별시,서초구,방배동,N,N,N,2001모텔,N,199442.64,442357.92
19830216.0,N,11000000028785,N,서울특별시 종로구 종로5가,서울특별시,종로구,종로5가,N,N,N,TRAVEL MONSTER(구.호텔통),N,200242.0,452035.19
19830219.0,N,11000000028817,N,서울특별시 강남구 논현동,서울특별시,강남구,논현동,N,N,N,휴빌딩,N,202596.32,445602.7
19830219.0,N,11000000028819,N,서울특별시 강남구 삼성동,서울특별시,강남구,삼성동,N,N,N,CNN,N,205485.15,445790.25
19831224.0,N,11000000028936,N,서울특별시 서초구 서초동,서울특별시,서초구,서초동,N,N,Y,에이스투빌딩(노블하우스),Y,201657.87,443098.69
19840523.0,N,11000000029123,N,서울특별시 종로구 구기동,서울특별시,종로구,구기동,N,N,N,자하문여관(자하문호텔),N,196337.26,457448.9
19830707.0,N,11000000029595,N,서울특별시 강남구 역삼동,서울특별시,강남구,역삼동,N,N,N,아마레호텔,N,202854.29,443685.08
19830601.0,N,11000000029597,N,서울특별시 서초구 서초동,서울특별시,서초구,서초동,N,N,N,서초동1647-15건물(리빙케슬),N,201657.87,443098.69
19830801.0,N,11000000029974,N,서울특별시 송파구 방이동,서울특별시,송파구,방이동,N,N,N,힐빌딩,N,210886.78,445428.16
19830901.0,N,11000000030213,N,서울특별시 송파구 잠실동,서울특별시,송파구,잠실동,N,N,N,상주호텔,N,207735.56,445529.41
19820727.0,N,11000000030299,N,서울특별시 종로구 낙원동,서울특별시,종로구,낙원동,N,N,N,"종로비즈(구,에머럴드모텔)",N,198924.0,452252.01
19830914.0,N,11000000030340,N,서울특별시 강남구 논현동,서울특별시,강남구,논현동,N,N,N,호텔야자(칼튼호텔),N,202596.32,445602.7
19830916.0,N,11000000030426,N,서울특별시 송파구 삼전동,서울특별시,송파구,삼전동,N,N,Y,줌모텔,Y,208111.15,444505.0
19831112.0,N,11000000030985,N,서울특별시 서초구 양재동,서울특별시,서초구,양재동,N,N,N,코코레지던스(미래빌딩),N,203244.25,441092.25
19831117.0,N,11000000030989,N,서울특별시 서초구 서초동,서울특별시,서초구,서초동,N,N,N,목화장여관,N,201657.87,443098.69
19831123.0,N,11000000031068,N,서울특별시 강남구 논현동,서울특별시,강남구,논현동,Y,N,N,하이랜드호텔,N,202596.32,445602.7
19831118.0,N,11000000031291,N,서울특별시 종로구 관훈동,서울특별시,종로구,관훈동,N,N,N,준오호텔(구.사랑방모텔),N,198578.0,452426.42
20100910.0,N,11000000031626,N,서울특별시 강남구 역삼동,서울특별시,강남구,역삼동,Y,N,N,루미에르호텔(구.아드리게 호텔),N,202854.29,443685.08
19831203.0,N,11000000031742,N,서울특별시 종로구 창신동,서울특별시,종로구,창신동,N,N,N,호텔큐비(구.동남장여관),N,201063.62,452547.98
19840114.0,N,11000000032087,N,서울특별시 마포구 서교동,서울특별시,마포구,서교동,N,N,N,(건물폐쇄)호텔야자홍대점,N,192385.51,450317.3
19840501.0,N,11000000032999,N,서울특별시 강남구 신사동,서울특별시,강남구,신사동,Y,N,N,선샤인호텔,N,201943.53,446861.12
19840517.0,N,11000000033106,N,서울특별시 강남구 대치동,서울특별시,강남구,대치동,N,N,N,프린스호텔,N,204943.9,443450.24
19840726.0,N,11000000033539,N,서울특별시 강남구 도곡동,서울특별시,강남구,도곡동,N,N,N,뉴데이호텔 강남도곡,N,203333.49,443195.47
19840702.0,N,11000000033560,N,서울특별시 서초구 서초동,서울특별시,서초구,서초동,N,N,N,동산빌딩,N,201657.87,443098.69
19840724.0,N,11000000033561,N,서울특별시 서초구 반포동,서울특별시,서초구,반포동,N,N,N,서일빌딩,N,201111.49,444769.91
19840801.0,N,11000000033956,N,서울특별시 중구 오장동,서울특별시,중구,오장동,Y,N,N,태민빌딩(구.성지빌딩),N,199991.59,451403.19
19701201.0,N,11000000034090,N,서울특별시 종로구 관훈동,서울특별시,종로구,관훈동,N,N,N,관훈동7건물,N,198578.0,452426.42
19840901.0,N,11000000034242,N,서울특별시 중구 을지로3가,서울특별시,중구,을지로3가,N,N,N,꿈에그린(구.정모텔),N,199285.19,451574.8
19841129.0,N,11000000035019,Y,서울특별시 중구 남대문로5가,서울특별시,중구,남대문로5가,Y,N,N,[유예~26.6]힐튼호텔,N,197659.16,450589.62
19841227.0,N,11000000035176,N,서울특별시 마포구 노고산동,서울특별시,마포구,노고산동,N,N,N,양지빌딩(24게스트하우스신촌),N,194443.93,450233.27
19841201.0,N,11000000035375,N,서울특별시 중구 오장동,서울특별시,중구,오장동,N,N,Y,"다인빌딩(구,영남빌딩)",Y,199991.59,451403.19
19841126.0,N,11000000035501,N,서울특별시 중구 황학동,서울특별시,중구,황학동,N,N,N,송림장여관,N,201822.41,451690.76
19851224.0,N,11000000035828,N,서울특별시 송파구 석촌동,서울특별시,송파구,석촌동,N,N,N,남경모텔,N,209096.76,444599.38
19850306.0,N,11000000036061,N,서울특별시 종로구 효제동,서울특별시,종로구,효제동,N,N,N,이화장여관,N,200200.41,452255.99
19710304.0,N,11000000036300,N,서울특별시 종로구 명륜4가,서울특별시,종로구,명륜4가,N,N,N,혜화여관(구.모텔 K),N,199936.82,453325.6
19850719.0,N,11000000036986,N,서울특별시 종로구 관훈동,서울특별시,종로구,관훈동,N,N,N,아미드호텔(센터마크호텔.관훈빌딩(신영자산),N,198578.0,452426.42
19850701.0,N,11000000036993,N,서울특별시 중구 을지로5가,서울특별시,중구,을지로5가,N,N,N,에이큐브호텔(석광빌딩),N,200145.2,451591.59
19850801.0,N,11000000037196,N,서울특별시 종로구 낙원동,서울특별시,종로구,낙원동,N,N,N,세느장여관,N,198924.0,452252.01
19810324.0,N,11000000037439,N,서울특별시 용산구 한남동,서울특별시,용산구,한남동,N,N,N,한남빌딩(한남67호텔),N,199979.14,448042.36
19850902.0,N,11000000037528,N,서울특별시 용산구 갈월동,서울특별시,용산구,갈월동,N,N,N,(폐업)가야라트리호텔(가야관광호텔),N,197470.34,449390.81
19850924.0,N,11000000037589,N,서울특별시 종로구 창신동,서울특별시,종로구,창신동,N,N,N,호텔가온(HOTEL GAON),N,201063.62,452547.98
19851001.0,N,11000000037812,Y,서울특별시 중구 남대문로5가,서울특별시,중구,남대문로5가,Y,N,N,남풍산업(호텔마누),N,197659.16,450589.62
19801226.0,N,11000000037822,N,서울특별시 용산구 이태원동,서울특별시,용산구,이태원동,N,N,N,성지모텔,N,199181.54,448667.98
19851101.0,N,11000000037983,N,서울특별시 송파구 방이동,서울특별시,송파구,방이동,N,N,N,아이다모텔,N,210886.78,445428.16
19851106.0,N,11000000038135,N,서울특별시 종로구 숭인동,서울특별시,종로구,숭인동,N,N,N,아라호텔,N,201661.62,452470.77
19851108.0,N,11000000038136,N,서울특별시 종로구 명륜2가,서울특별시,종로구,명륜2가,N,N,N,팰리스모텔(구.궁전장여관),N,199844.83,453599.21
19851207.0,N,11000000038519,N,서울특별시 중구 을지로3가,서울특별시,중구,을지로3가,N,N,N,미오디자인레지던스(호텔어라이브),N,199285.19,451574.8
19851201.0,N,11000000038520,N,서울특별시 중구 광희동1가,서울특별시,중구,광희동1가,N,N,N,구미장여관,N,200500.4,451437.98
19851217.0,N,11000000038624,N,서울특별시 강남구 청담동,서울특별시,강남구,청담동,N,N,N,프리마호텔,N,204282.36,446977.88
19860501.0,N,11000000039290,N,서울특별시 송파구 잠실동,서울특별시,송파구,잠실동,N,N,N,에이플러스모텔,N,207735.56,445529.41
19861231.0,N,11000000039922,N,서울특별시 중구 황학동,서울특별시,중구,황학동,N,N,N,동문장여관,N,201822.41,451690.76
19860707.0,N,11000000039929,N,서울특별시 송파구 잠실동,서울특별시,송파구,잠실동,N,N,Y,라비앙호텔,Y,207735.56,445529.41
19860801.0,N,11000000040085,N,서울특별시 중구 무학동,서울특별시,중구,무학동,N,N,N,신당동29건물,N,201279.6,451341.97
19860818.0,N,11000000040123,N,서울특별시 송파구 방이동,서울특별시,송파구,방이동,N,N,N,초이스모텔,N,210886.78,445428.16
19860830.0,N,11000000040163,N,서울특별시 서초구 서초동,서울특별시,서초구,서초동,N,N,N,신트라호텔,N,201657.87,443098.69
19860822.0,N,11000000040266,N,서울특별시 송파구 잠실동,서울특별시,송파구,잠실동,N,N,N,NU모텔,N,207735.56,445529.41
19860901.0,N,11000000040343,N,서울특별시 송파구 방이동,서울특별시,송파구,방이동,N,N,N,루이체 호텔,N,210886.78,445428.16
19831028.0,N,11000000040762,N,서울특별시 송파구 방이동,서울특별시,송파구,방이동,N,N,N,타임모텔,N,210886.78,445428.16
19861015.0,N,11000000040765,N,서울특별시 송파구 잠실동,서울특별시,송파구,잠실동,N,N,N,칸모텔,N,207735.56,445529.41
19861011.0,N,11000000040956,N,서울특별시 중구 을지로6가,서울특별시,중구,을지로6가,Y,N,N,기승개발(케이스타호텔),N,200516.4,451720.78
19861104.0,N,11000000041092,N,서울특별시 중구 흥인동,서울특별시,중구,흥인동,N,N,N,"레인보우하우스(구,투스타모텔",N,201375.61,451667.57
19861217.0,N,11000000041706,Y,서울특별시 송파구 거여동,서울특별시,송파구,거여동,Y,N,N,동일빌딩,N,212603.17,443866.92
19870122.0,N,11000000041791,N,서울특별시 서초구 방배동,서울특별시,서초구,방배동,N,N,N,방배오피스텔,N,199442.64,442357.92
19870101.0,N,11000000041874,Y,서울특별시 중구 쌍림동,서울특별시,중구,쌍림동,Y,N,N,영빈호텔,N,200302.39,451249.58
19870121.0,N,11000000041900,N,서울특별시 강남구 논현동,서울특별시,강남구,논현동,N,N,N,청아장여관,N,202596.32,445602.7
19870320.0,N,11000000042224,N,서울특별시 중구 광희동1가,서울특별시,중구,광희동1가,N,N,N,방성빌딩,N,200500.4,451437.98
19870501.0,N,11000000042352,Y,서울특별시 중구 남산동2가,서울특별시,중구,남산동2가,Y,N,N,남문빌딩(남산회관),N,198728.37,450682.8
19870602.0,N,11000000042495,N,서울특별시 송파구 방이동,서울특별시,송파구,방이동,N,N,N,그리스,N,210886.78,445428.16
19870921.0,N,11000000044055,Y,서울특별시 중구 충무로2가,서울특별시,중구,충무로2가,Y,N,N,선샤인빌딩(명동실탄사격),N,199012.38,451085.6
19871001.0,N,11000000044170,N,서울특별시 종로구 숭인동,서울특별시,종로구,숭인동,N,N,N,골든파크장여관(골든파크장),N,201661.62,452470.77
19871001.0,N,11000000044179,N,서울특별시 중구 오장동,서울특별시,중구,오장동,N,N,N,동호로 343-1 건물,N,199991.59,451403.19
19871128.0,N,11000000044870,Y,서울특별시 강남구 청담동,서울특별시,강남구,청담동,N,N,N,리베라호텔,N,204282.36,446977.88
19871203.0,N,11000000045207,N,서울특별시 강남구 논현동,서울특별시,강남구,논현동,N,N,N,폴라리스,N,202596.32,445602.7
19871226.0,N,11000000045296,N,서울특별시 종로구 낙원동,서울특별시,종로구,낙원동,N,N,N,녹은빌딩(구.샤이어인모텔),N,198924.0,452252.01
19871228.0,N,11000000045303,N,서울특별시 중구 남산동2가,서울특별시,중구,남산동2가,N,N,N,남산호스텔,Y,198728.37,450682.8
19880813.0,N,11000000045309,N,서울특별시 중구 광희동2가,서울특별시,중구,광희동2가,N,N,N,동양빌딩(퇴계로),N,200673.2,451294.37
19871226.0,N,11000000045450,N,서울특별시 서초구 서초동,서울특별시,서초구,서초동,N,N,N,청학빌딩,Y,201657.87,443098.69
19871226.0,N,11000000045501,N,서울특별시 강남구 논현동,서울특별시,강남구,논현동,N,N,N,미래(구.모투호텔),N,202596.32,445602.7
19880211.0,N,11000000045942,N,서울특별시 중구 장충동2가,서울특별시,중구,장충동2가,Y,N,N,신라호텔,N,199983.57,450305.18
19880329.0,N,11000000046078,N,서울특별시 강남구 역삼동,서울특별시,강남구,역삼동,N,N,N,Malta(몰타)모텔,N,202854.29,443685.08
19700730.0,N,11000000046129,Y,서울특별시 용산구 이태원동,서울특별시,용산구,이태원동,Y,N,N,해밀톤호텔,N,199181.54,448667.98
19880407.0,N,11000000046323,N,서울특별시 종로구 명륜4가,서울특별시,종로구,명륜4가,N,N,N,장미여관(구.짝모텔),N,199936.82,453325.6
19880831.0,N,11000000046514,N,서울특별시 송파구 방이동,서울특별시,송파구,방이동,N,N,N,IMT모텔,N,210886.78,445428.16
19880501.0,N,11000000046573,N,서울특별시 종로구 돈의동,서울특별시,종로구,돈의동,N,N,N,"비욘드 레지던스 종로(구,국일장여관)",N,199111.2,452186.81
19880601.0,N,11000000046813,N,서울특별시 강남구 역삼동,서울특별시,강남구,역삼동,N,N,N,몽마르뜨모텔,N,202854.29,443685.08
19880919.0,N,11000000047006,N,서울특별시 송파구 잠실동,서울특별시,송파구,잠실동,N,N,N,플러스모텔,N,207735.56,445529.41
19880624.0,N,11000000047163,N,서울특별시 마포구 노고산동,서울특별시,마포구,노고산동,N,N,N,"노고산동109-6건물(호텔폐업,건물폐쇄)",N,194443.93,450233.27
19880713.0,N,11000000047364,Y,서울특별시 강남구 역삼동,서울특별시,강남구,역삼동,Y,N,N,M호텔,N,202854.29,443685.08
19880829.0,N,11000000047732,N,서울특별시 종로구 숭인동,서울특별시,종로구,숭인동,N,N,N,초원장여관,N,201661.62,452470.77
19880801.0,N,11000000047733,N,서울특별시 종로구 숭인동,서울특별시,종로구,숭인동,N,N,N,하나장여관(하나장여관),N,201661.62,452470.77
19880804.0,N,11000000048078,N,서울특별시 송파구 잠실동,서울특별시,송파구,잠실동,N,N,N,윈호텔,N,207735.56,445529.41
19880901.0,N,11000000048209,N,서울특별시 송파구 잠실동,서울특별시,송파구,잠실동,N,N,N,하루모텔,N,207735.56,445529.41
19880905.0,N,11000000048428,N,서울특별시 종로구 숭인동,서울특별시,종로구,숭인동,N,N,N,스튜디오 승학,N,201661.62,452470.77
19880901.0,N,11000000048432,N,서울특별시 종로구 봉익동,서울특별시,종로구,봉익동,N,N,N,가든모텔,N,199311.6,452208.4
19880912.0,N,11000000048538,Y,서울특별시 용산구 이태원동,서울특별시,용산구,이태원동,Y,N,N,몬드리안서울이태원호텔(구.캐피탈호텔),N,199181.54,448667.98
19890915.0,N,11000000048559,N,서울특별시 송파구 방이동,서울특별시,송파구,방이동,N,N,N,올리브호텔,N,210886.78,445428.16
19880922.0,N,11000000048625,N,서울특별시 종로구 효제동,서울특별시,종로구,효제동,N,N,N,송림정건물,N,200200.41,452255.99
19881005.0,N,11000000049187,N,서울특별시 용산구 한남동,서울특별시,용산구,한남동,Y,N,N,임피리얼팰리스 부티크호텔,N,199979.14,448042.36
19881125.0,N,11000000049566,N,서울특별시 마포구 노고산동,서울특별시,마포구,노고산동,N,N,N,"넘버25신촌점(구,그랑프리여관)",N,194443.93,450233.27
19881115.0,N,11000000049572,N,서울특별시 강남구 역삼동,서울특별시,강남구,역삼동,N,N,N,호텔바레,N,202854.29,443685.08
19881101.0,N,11000000049676,N,서울특별시 중구 명동2가,서울특별시,중구,명동2가,Y,N,N,명동디자이너스빌딩(블루닷포쉬텔),N,198625.18,451178.81
19881125.0,N,11000000050077,N,서울특별시 마포구 노고산동,서울특별시,마포구,노고산동,N,N,N,G HOUSE Global(구.시크릿모텔),N,194443.93,450233.27
19881210.0,N,11000000050079,N,서울특별시 마포구 노고산동,서울특별시,마포구,노고산동,N,N,N,아이다호텔(구.보그(VOGUE)호텔),N,194443.93,450233.27
19881224.0,N,11000000050289,N,서울특별시 중구 흥인동,서울특별시,중구,흥인동,N,N,N,알마호텔(구.플러스모텔),N,201375.61,451667.57
19881215.0,N,11000000050405,N,서울특별시 용산구 한강로3가,서울특별시,용산구,한강로3가,N,N,N,스카이호텔,N,196587.5,447269.61
19890123.0,N,11000000050741,N,서울특별시 강남구 역삼동,서울특별시,강남구,역삼동,N,N,N,호텔 소울하다(구. 벨 관광호텔),N,202854.29,443685.08
19890126.0,N,11000000050826,Y,서울특별시 송파구 가락동,서울특별시,송파구,가락동,Y,N,N,가락관광호텔,N,209279.94,443820.17
19890201.0,N,11000000050918,N,서울특별시 종로구 익선동,서울특별시,종로구,익선동,N,N,N,낙원장(구.그린필드모텔),N,199020.0,452449.21
19890309.0,N,11000000051192,N,서울특별시 종로구 낙원동,서울특별시,종로구,낙원동,N,N,N,호텔 라와,N,198924.0,452252.01
19890424.0,N,11000000051427,N,서울특별시 종로구 낙원동,서울특별시,종로구,낙원동,N,N,N,R알게호,N,198924.0,452252.01
19840616.0,N,11000000052198,N,서울특별시 강남구 삼성동,서울특별시,강남구,삼성동,Y,N,N,자이언트호텔(주)성제기업,N,205485.15,445790.25
19890626.0,N,11000000052245,Y,서울특별시 송파구 잠실동,서울특별시,송파구,잠실동,Y,N,N,롯데호텔월드,N,207735.56,445529.41
,N,11000000052418,N,서울특별시 마포구 서교동,서울특별시,마포구,서교동,N,N,Y,서교동373-2건물,Y,192385.51,450317.3
19890826.0,N,11000000053171,Y,서울특별시 강남구 논현동,서울특별시,강남구,논현동,Y,N,N,그랜드머큐어 임피리얼팰리스서울,N,202596.32,445602.7
19890923.0,N,11000000053233,N,서울특별시 종로구 창신동,서울특별시,종로구,창신동,N,N,Y,선일빌딩,Y,201063.62,452547.98
19890927.0,N,11000000053634,N,서울특별시 송파구 삼전동,서울특별시,송파구,삼전동,N,N,N,한강빌딩,N,208111.15,444505.0
19891219.0,N,11000000054445,N,서울특별시 마포구 노고산동,서울특별시,마포구,노고산동,N,N,N,오빠호스텔(구. 얌모텔),N,194443.93,450233.27
19891109.0,N,11000000054552,N,서울특별시 용산구 갈월동,서울특별시,용산구,갈월동,N,N,N,레인보우호텔,N,197470.34,449390.81
19891127.0,N,11000000054591,N,서울특별시 종로구 운니동,서울특별시,종로구,운니동,N,N,N,쿠즈(대화장)모텔,N,198890.0,452675.61
19891103.0,N,11000000054641,Y,서울특별시 강남구 삼성동,서울특별시,강남구,삼성동,Y,N,N,"파르나스타워,그랜드인터콘티넨탈호텔(파르나스업무동",N,205485.15,445790.25
19891109.0,N,11000000055122,N,서울특별시 마포구 노고산동,서울특별시,마포구,노고산동,N,N,N,리치호텔(구.스카이모텔),N,194443.93,450233.27
19891216.0,N,11000000055260,N,서울특별시 강남구 역삼동,서울특별시,강남구,역삼동,N,N,N,더뮤즈(구.리츠모텔),N,202854.29,443685.08
19891201.0,N,11000000055355,N,서울특별시 중구 충무로2가,서울특별시,중구,충무로2가,N,N,N,비엠에스건물(자탐 신설예정),N,199012.38,451085.6
19891208.0,N,11000000055444,N,서울특별시 종로구 창신동,서울특별시,종로구,창신동,N,N,N,호텔가온골든파크(구.골든파크장(골든파크장)),N,201063.62,452547.98
19891227.0,N,11000000055492,N,서울특별시 용산구 한강로3가,서울특별시,용산구,한강로3가,N,N,N,wo모텔용산역(레인보우모텔),N,196587.5,447269.61
19891223.0,N,11000000055874,N,서울특별시 마포구 노고산동,서울특별시,마포구,노고산동,N,N,N,골든힐(구.고구마모텔),N,194443.93,450233.27
19891102.0,N,11000000055876,N,서울특별시 마포구 노고산동,서울특별시,마포구,노고산동,N,N,N,G-House 신촌02,N,194443.93,450233.27
19900118.0,N,11000000056470,N,서울특별시 종로구 충신동,서울특별시,종로구,충신동,N,N,N,스위스모텔(구.스위스장여관),N,200456.81,452517.19
19900122.0,N,11000000056619,N,서울특별시 마포구 노고산동,서울특별시,마포구,노고산동,N,N,N,그랜드(구.신촌가온호스텔),N,194443.93,450233.27
19900215.0,N,11000000056835,Y,서울특별시 중구 충무로3가,서울특별시,중구,충무로3가,Y,N,Y,트레블로지 명동남산 호텔,N,199162.38,451154.8
19710620.0,N,11000000057798,N,서울특별시 마포구 공덕동,서울특별시,마포구,공덕동,N,N,N,록수여관(생태탕 음식점 건물),N,196398.74,449768.43
19900508.0,N,11000000057891,N,서울특별시 종로구 효제동,서울특별시,종로구,효제동,N,N,N,백제장여관,N,200200.41,452255.99
19900601.0,N,11000000058253,N,서울특별시 강남구 논현동,서울특별시,강남구,논현동,N,N,N,왈츠호텔,N,202596.32,445602.7
19900814.0,N,11000000059359,N,서울특별시 중구 명동2가,서울특별시,중구,명동2가,N,N,N,"명광빌딩(구,명동사우나)",N,198625.18,451178.81
19900901.0,N,11000000059569,N,서울특별시 송파구 방이동,서울특별시,송파구,방이동,N,N,N,IM호텔,N,210886.78,445428.16
19900918.0,N,11000000059849,Y,서울특별시 종로구 평창동,서울특별시,종로구,평창동,Y,N,N,킴스관광호텔,N,197136.44,456007.67
19900926.0,N,11000000060058,N,서울특별시 용산구 한강로3가,서울특별시,용산구,한강로3가,N,N,N,애플여관,N,196587.5,447269.61
19901001.0,N,11000000060399,N,서울특별시 중구 회현동1가,서울특별시,중구,회현동1가,N,N,N,경동빌딩,N,198269.56,450368.81
19901201.0,N,11000000061901,N,서울특별시 중구 남산동2가,서울특별시,중구,남산동2가,N,N,N,자자백팩커스(한도빌딩),Y,198728.37,450682.8
19910202.0,N,11000000062538,N,서울특별시 마포구 노고산동,서울특별시,마포구,노고산동,N,N,N,루디모텔,N,194443.93,450233.27
19910111.0,N,11000000062724,N,서울특별시 서초구 서초동,서울특별시,서초구,서초동,N,N,N,서현빌딩(구.베스텔),N,201657.87,443098.69
19910529.0,N,11000000063027,N,서울특별시 송파구 잠실동,서울특별시,송파구,잠실동,Y,N,N,호텔라몬,N,207735.56,445529.41
19550704.0,N,11000000063124,N,서울특별시 용산구 원효로2가,서울특별시,용산구,원효로2가,N,N,N,원효여관(원효탕건물),N,196688.71,448227.21
19910412.0,N,11000000063636,N,서울특별시 송파구 잠실동,서울특별시,송파구,잠실동,N,N,N,호텔잠실스테이(구.잠실관광호텔),N,207735.56,445529.41
19910608.0,N,11000000064595,N,서울특별시 강남구 논현동,서울특별시,강남구,논현동,N,N,N,호원빌딩,N,202596.32,445602.7
19910629.0,N,11000000064845,Y,서울특별시 송파구 방이동,서울특별시,송파구,방이동,Y,N,N,호텔자자,N,210886.78,445428.16
19910701.0,N,11000000065085,N,서울특별시 강남구 청담동,서울특별시,강남구,청담동,N,N,N,라비타호텔,N,204282.36,446977.88
19910824.0,N,11000000065773,Y,서울특별시 중구 충무로4가,서울특별시,중구,충무로4가,Y,N,N,기종빌딩,N,199429.18,451109.59
19911016.0,N,11000000066516,N,서울특별시 강남구 논현동,서울특별시,강남구,논현동,N,N,N,신성빌딩(케이그랜드호스텔),N,202596.32,445602.7
19911001.0,N,11000000066599,N,서울특별시 중구 저동1가,서울특별시,중구,저동1가,N,N,N,이화인명동게스트하우스,N,198851.58,451348.0
19911101.0,N,11000000067125,N,서울특별시 송파구 방이동,서울특별시,송파구,방이동,N,N,N,호텔머니,N,210886.78,445428.16
20221230.0,N,11000000068934,Y,서울특별시 중구 오장동,서울특별시,중구,오장동,Y,N,N,제이디타워,N,199991.59,451403.19
19920501.0,N,11000000070011,N,서울특별시 서초구 서초동,서울특별시,서초구,서초동,N,N,N,대호빌딩,N,201657.87,443098.69
19920722.0,N,11000000070855,N,서울특별시 서초구 양재동,서울특별시,서초구,양재동,N,N,N,수도빌딩(집양재원룸텔),N,203244.25,441092.25
19920811.0,N,11000000070936,N,서울특별시 종로구 창신동,서울특별시,종로구,창신동,N,N,N,임진빌딩(아침한의원),N,201063.62,452547.98
19921016.0,N,11000000072493,N,서울특별시 마포구 노고산동,서울특별시,마포구,노고산동,N,N,N,호텔서강스테이(큐모텔),N,194443.93,450233.27
19921107.0,N,11000000072893,N,서울특별시 중구 충무로1가,서울특별시,중구,충무로1가,Y,N,N,데이즈호텔명동(명보빌딩),N,198354.37,451017.61
19921201.0,N,11000000073366,N,서울특별시 종로구 관철동,서울특별시,종로구,관철동,N,N,Y,금옥빌딩,Y,198692.39,451868.81
19921217.0,N,11000000073541,Y,서울특별시 강남구 논현동,서울특별시,강남구,논현동,Y,N,N,엘리에나호텔,N,202596.32,445602.7
19850223.0,N,11000000073542,N,서울특별시 강남구 논현동,서울특별시,강남구,논현동,Y,N,N,힐탑호텔,N,202596.32,445602.7
19930329.0,N,11000000074534,Y,서울특별시 강남구 삼성동,서울특별시,강남구,삼성동,Y,N,N,호텔 페이토 삼성(구.해광빌딩),N,205485.15,445790.25
19930714.0,N,11000000075324,N,서울특별시 종로구 종로5가,서울특별시,종로구,종로5가,N,N,N,행운빌딩(구.벤허모텔),N,200242.0,452035.19
19930813.0,N,11000000076259,N,서울특별시 강남구 역삼동,서울특별시,강남구,역삼동,N,N,N,노보텔앰버서더서울,N,202854.29,443685.08
19941020.0,N,11000000077500,Y,서울특별시 용산구 이태원동,서울특별시,용산구,이태원동,Y,N,Y,H호스텔(소망빌딩),Y,199181.54,448667.98
19680828.0,N,11000000077594,N,서울특별시 용산구 이태원동,서울특별시,용산구,이태원동,N,N,N,뷰모텔,N,199181.54,448667.98
19950713.0,N,11000000079345,N,서울특별시 마포구 노고산동,서울특별시,마포구,노고산동,N,N,N,피터캣호텔(구:노고산모텔),N,194443.93,450233.27
19940915.0,N,11000000080883,N,서울특별시 종로구 관수동,서울특별시,종로구,관수동,Y,N,N,호텔베뉴지,N,199087.59,451864.0
19940816.0,N,11000000080998,N,서울특별시 종로구 돈의동,서울특별시,종로구,돈의동,N,N,N,지수게스트하우스,N,199111.2,452186.81
19950104.0,N,11000000082878,N,서울특별시 중구 북창동,서울특별시,중구,북창동,N,N,N,LS빌딩(구.동아빌딩),N,197990.37,451104.82
19950107.0,N,11000000082898,Y,서울특별시 강남구 역삼동,서울특별시,강남구,역삼동,Y,N,N,(철거예정)르메르디앙서울호텔,N,202854.29,443685.08
19661213.0,N,11000000083022,N,서울특별시 중구 명동2가,서울특별시,중구,명동2가,N,N,N,남영빌딩,N,198625.18,451178.81
19950628.0,N,11000000083685,N,서울특별시 종로구 효제동,서울특별시,종로구,효제동,N,N,N,더원호텔,N,200200.41,452255.99
19950803.0,N,11000000084768,N,서울특별시 중구 소공동,서울특별시,중구,소공동,N,N,N,소공빌딩,N,198145.18,451291.22
19951010.0,N,11000000085373,N,서울특별시 중구 을지로2가,서울특별시,중구,을지로2가,Y,N,N,와이즈빌딩(호텔스카이파크 명동2호점),N,198517.18,451508.81
20081118.0,N,11000000085679,N,서울특별시 강남구 역삼동,서울특별시,강남구,역삼동,N,N,Y,시티타워빌딩,Y,202854.29,443685.08
19951103.0,N,11000000085685,N,서울특별시 마포구 노고산동,서울특별시,마포구,노고산동,N,N,N,성도모텔,N,194443.93,450233.27
19951201.0,N,11000000085953,N,서울특별시 중구 충무로1가,서울특별시,중구,충무로1가,N,N,N,"사보이호텔(A,B동)",N,198354.37,451017.61
19951212.0,N,11000000086083,N,서울특별시 송파구 방이동,서울특별시,송파구,방이동,N,N,N,호텔짬,N,210886.78,445428.16
19960122.0,N,11000000086202,Y,서울특별시 종로구 신문로2가,서울특별시,종로구,신문로2가,Y,N,N,샬롬교회,N,197255.58,452042.04
19951227.0,N,11000000086219,Y,서울특별시 중구 예장동,서울특별시,중구,예장동,Y,N,N,서울유스호스텔,N,199054.37,450326.79
19960510.0,N,11000000087301,N,서울특별시 중구 충무로2가,서울특별시,중구,충무로2가,N,N,N,"프리엠상가(구. 삼익빌딩, 새마을식당)",N,199012.38,451085.6
19960610.0,N,11000000087556,N,서울특별시 중구 명동2가,서울특별시,중구,명동2가,N,N,N,삼존빌딩,Y,198625.18,451178.81
19960820.0,N,11000000088084,Y,서울특별시 중구 을지로6가,서울특별시,중구,을지로6가,Y,N,N,현대시티아울렛(구.동대문케레스타),N,200516.4,451720.78
19961029.0,N,11000000088600,N,서울특별시 종로구 운니동,서울특별시,종로구,운니동,N,N,N,"현)아늑호텔 앤 스파 종로운니점,  구)씨티파크",N,198890.0,452675.61
19961018.0,N,11000000088772,N,서울특별시 종로구 낙원동,서울특별시,종로구,낙원동,N,N,N,호텔 라붐(구.HOTEL YOU),N,198924.0,452252.01
19961219.0,N,11000000089218,N,서울특별시 마포구 노고산동,서울특별시,마포구,노고산동,N,N,N,G-House 신촌01(구.한림아카데미텔),N,194443.93,450233.27
19970814.0,N,11000000089279,Y,서울특별시 송파구 방이동,서울특별시,송파구,방이동,Y,N,N,동그라미호텔 (주)마그넷 앤 컴퍼니,N,210886.78,445428.16
19970819.0,N,11000000091271,Y,서울특별시 강남구 역삼동,서울특별시,강남구,역삼동,Y,N,N,씨에프호텔,N,202854.29,443685.08
19980101.0,N,11000000092833,N,서울특별시 종로구 숭인동,서울특별시,종로구,숭인동,N,N,N,신흥여관(팬더호스텔),N,201661.62,452470.77
19980101.0,N,11000000092861,N,서울특별시 종로구 창신동,서울특별시,종로구,창신동,N,N,N,한양여관,N,201063.62,452547.98
19980101.0,N,11000000093117,N,서울특별시 중구 광희동1가,서울특별시,중구,광희동1가,N,N,N,광희동1가 111-2건물,N,200500.4,451437.98
19980101.0,N,11000000093145,N,서울특별시 중구 을지로7가,서울특별시,중구,을지로7가,N,N,N,퇴계로63길 22 건물,N,200791.2,451540.77
19980511.0,N,11000000093734,Y,서울특별시 종로구 명륜4가,서울특별시,종로구,명륜4가,Y,N,N,서울씨티빌딩,N,199936.82,453325.6
19980729.0,N,11000000094483,Y,서울특별시 중구 을지로6가,서울특별시,중구,을지로6가,Y,N,N,동대문밀리오레,N,200516.4,451720.78
19981114.0,N,11000000095296,N,서울특별시 송파구 방이동,서울특별시,송파구,방이동,N,N,N,딜라이트관광호텔,N,210886.78,445428.16
19990105.0,N,11000000095630,N,서울특별시 중구 명동1가,서울특별시,중구,명동1가,Y,N,N,명동포커스,N,198573.18,451334.01
19990527.0,N,11000000096003,N,서울특별시 종로구 낙원동,서울특별시,종로구,낙원동,N,N,N,더스퀘어 호스텔(구.(연기)호텔그림),N,198924.0,452252.01
19990414.0,N,11000000096029,N,서울특별시 마포구 노고산동,서울특별시,마포구,노고산동,N,N,N,에스호텔(구.갤러리모텔),N,194443.93,450233.27
19990727.0,N,11000000096683,N,서울특별시 중구 을지로3가,서울특별시,중구,을지로3가,Y,N,N,일주빌딩(스타즈 을지로 호텔),N,199285.19,451574.8
19990901.0,N,11000000096909,N,서울특별시 중구 신당동,서울특별시,중구,신당동,N,N,N,J모텔(신당동),N,201206.4,451081.96
19991231.0,N,11000000097187,N,서울특별시 강남구 역삼동,서울특별시,강남구,역삼동,N,N,N,예스모텔,N,202854.29,443685.08
19991103.0,N,11000000097507,Y,서울특별시 강남구 삼성동,서울특별시,강남구,삼성동,Y,N,N,웨스틴서울파르나스,N,205485.15,445790.25
19991108.0,N,11000000097542,N,서울특별시 송파구 방이동,서울특별시,송파구,방이동,N,N,N,넘버25,N,210886.78,445428.16
19991108.0,N,11000000097545,N,서울특별시 송파구 방이동,서울특별시,송파구,방이동,N,N,N,셀레네 호텔,N,210886.78,445428.16
20000401.0,N,11000000099001,N,서울특별시 중구 필동1가,서울특별시,중구,필동1가,N,N,N,서울특별시 중구 필동1가 46-3,N,199263.58,450977.59
20000414.0,N,11000000099034,N,서울특별시 종로구 낙원동,서울특별시,종로구,낙원동,N,N,Y,하프레스트호스텔 인사(구. 마이홈리빙텔건물),Y,198924.0,452252.01
20000529.0,N,11000000099281,N,서울특별시 송파구 잠실동,서울특별시,송파구,잠실동,N,N,N,이루안빌딩,N,207735.56,445529.41
20000530.0,N,11000000099289,Y,서울특별시 중구 충무로1가,서울특별시,중구,충무로1가,Y,N,N,밀리오레 명동점,N,198354.37,451017.61
20000612.0,N,11000000099324,N,서울특별시 마포구 노고산동,서울특별시,마포구,노고산동,N,N,N,스카이모텔(건물미사용 자체점검 연기),N,194443.93,450233.27
20000704.0,N,11000000099550,N,서울특별시 송파구 잠실동,서울특별시,송파구,잠실동,N,N,N,로즈마리,N,207735.56,445529.41
20000802.0,N,11000000099674,N,서울특별시 종로구 낙원동,서울특별시,종로구,낙원동,N,N,N,호텔노바(구.아비숑모텔),N,198924.0,452252.01
20050909.0,N,11000000099686,Y,서울특별시 서초구 반포동,서울특별시,서초구,반포동,Y,N,N,JW메리어트호텔서울,N,201111.49,444769.91
20001021.0,N,11000000100313,N,서울특별시 서초구 서초동,서울특별시,서초구,서초동,N,N,N,JS호텔,N,201657.87,443098.69
20001113.0,N,11000000100502,N,서울특별시 송파구 방이동,서울특별시,송파구,방이동,N,N,N,라움호텔(구.HOTEL 2.4),N,210886.78,445428.16
20001201.0,N,11000000101003,N,서울특별시 중구 남대문로5가,서울특별시,중구,남대문로5가,N,N,N,남대문로5가 615건물,N,197659.16,450589.62
19640716.0,N,11000000101134,N,서울특별시 중구 회현동1가,서울특별시,중구,회현동1가,N,N,N,서울시티호텔,N,198269.56,450368.81
20001201.0,N,11000000101142,N,서울특별시 중구 남대문로5가,서울특별시,중구,남대문로5가,N,N,N,남대문로5가 149 건물,N,197659.16,450589.62
20001215.0,N,11000000101672,N,서울특별시 마포구 노고산동,서울특별시,마포구,노고산동,N,N,N,위드호텔(구.힐튼모텔/명보모텔),N,194443.93,450233.27
20001228.0,N,11000000101760,N,서울특별시 종로구 와룡동,서울특별시,종로구,와룡동,N,N,N,호텔월하여관(구.울타리호스텔),N,199154.42,453338.02
20001229.0,N,11000000101807,N,서울특별시 종로구 연지동,서울특별시,종로구,연지동,N,N,N,아미가,N,199942.01,452384.0
20010110.0,N,11000000101828,N,서울특별시 강남구 역삼동,서울특별시,강남구,역삼동,N,N,N,호텔벤,N,202854.29,443685.08
19690203.0,N,11000000102019,N,서울특별시 종로구 숭인동,서울특별시,종로구,숭인동,N,N,N,그린파크모텔,N,201661.62,452470.77
20010227.0,N,11000000102066,N,서울특별시 종로구 돈의동,서울특별시,종로구,돈의동,N,N,N,"T모텔(구,하얏트모텔)",N,199111.2,452186.81
20010216.0,N,11000000102095,N,서울특별시 종로구 낙원동,서울특별시,종로구,낙원동,N,N,N,호텔 야자,N,198924.0,452252.01
20010418.0,N,11000000102283,N,서울특별시 서초구 서초동,서울특별시,서초구,서초동,N,N,N,덴버모텔(폐업),N,201657.87,443098.69
20010424.0,N,11000000102367,N,서울특별시 종로구 운니동,서울특별시,종로구,운니동,N,N,N,호텔담(구.호텔아비숑),N,198890.0,452675.61
20010820.0,N,11000000103119,N,서울특별시 마포구 노고산동,서울특별시,마포구,노고산동,N,N,N,메이저호텔,N,194443.93,450233.27
20010903.0,N,11000000103468,N,서울특별시 송파구 방이동,서울특별시,송파구,방이동,N,N,N,체리호텔,N,210886.78,445428.16
20010926.0,N,11000000103559,N,서울특별시 강남구 대치동,서울특별시,강남구,대치동,N,N,Y,그레이호텔(구.제이비스호텔),Y,204943.9,443450.24
20011123.0,N,11000000104362,N,서울특별시 마포구 노고산동,서울특별시,마포구,노고산동,N,N,N,어반슬로우,N,194443.93,450233.27
20011224.0,N,11000000104784,N,서울특별시 송파구 방이동,서울특별시,송파구,방이동,N,N,N,HL모텔(구 아모르모텔),N,210886.78,445428.16
20011227.0,N,11000000104952,N,서울특별시 강남구 역삼동,서울특별시,강남구,역삼동,N,N,N,씨애틀호텔,N,202854.29,443685.08
20020124.0,N,11000000104980,N,서울특별시 강남구 역삼동,서울특별시,강남구,역삼동,N,N,N,엘르모텔,N,202854.29,443685.08
20010110.0,N,11000000105128,N,서울특별시 송파구 방이동,서울특별시,송파구,방이동,N,N,N,라비호텔,N,210886.78,445428.16
20011228.0,N,11000000105144,N,서울특별시 송파구 방이동,서울특별시,송파구,방이동,N,N,N,하오호텔,N,210886.78,445428.16
20020118.0,N,11000000105407,N,서울특별시 강남구 삼성동,서울특별시,강남구,삼성동,N,N,N,캘리포니아호텔,N,205485.15,445790.25
20020608.0,N,11000000105506,Y,서울특별시 종로구 낙원동,서울특별시,종로구,낙원동,Y,N,N,오라카이인사동스위츠(금보개발),N,198924.0,452252.01
20020215.0,N,11000000105655,N,서울특별시 강남구 삼성동,서울특별시,강남구,삼성동,N,N,N,제이더블유,N,205485.15,445790.25
20020311.0,N,11000000105665,N,서울특별시 송파구 잠실동,서울특별시,송파구,잠실동,N,N,N,반호텔,N,207735.56,445529.41
20020313.0,N,11000000106006,Y,서울특별시 강남구 삼성동,서울특별시,강남구,삼성동,Y,N,N,한무컨벤션부속동 오크우드호텔,N,205485.15,445790.25
20020315.0,N,11000000106026,N,서울특별시 중구 명동1가,서울특별시,중구,명동1가,Y,N,N,명동센트럴빌딩(구.스카이파크호텔),N,198573.18,451334.01
20020330.0,N,11000000106139,Y,서울특별시 강남구 삼성동,서울특별시,강남구,삼성동,Y,N,Y,타라호텔(구.클레오파트라),Y,205485.15,445790.25
20020514.0,N,11000000106415,N,서울특별시 송파구 방이동,서울특별시,송파구,방이동,N,N,N,월호텔,N,210886.78,445428.16
20020601.0,N,11000000106429,N,서울특별시 강남구 역삼동,서울특별시,강남구,역삼동,N,N,N,아나호텔,N,202854.29,443685.08
20020629.0,N,11000000106535,N,서울특별시 종로구 낙원동,서울특별시,종로구,낙원동,N,N,N,호텔팝,N,198924.0,452252.01
20020513.0,N,11000000106634,N,서울특별시 송파구 방이동,서울특별시,송파구,방이동,N,N,N,호텔어반,N,210886.78,445428.16
20020525.0,N,11000000106738,N,서울특별시 강남구 역삼동,서울특별시,강남구,역삼동,N,N,N,인트로호텔,N,202854.29,443685.08
20020706.0,N,11000000107125,N,서울특별시 송파구 방이동,서울특별시,송파구,방이동,N,N,N,라자호텔,N,210886.78,445428.16
20020719.0,N,11000000107166,N,서울특별시 강남구 역삼동,서울특별시,강남구,역삼동,N,N,N,호텔마리,N,202854.29,443685.08
20020812.0,N,11000000107227,N,서울특별시 강남구 역삼동,서울특별시,강남구,역삼동,N,N,N,린호텔,N,202854.29,443685.08
20020805.0,N,11000000107454,N,서울특별시 송파구 방이동,서울특별시,송파구,방이동,N,N,N,와우모텔,N,210886.78,445428.16
20240507.0,N,11000000107460,Y,서울특별시 송파구 방이동,서울특별시,송파구,방이동,Y,N,N,오로시에호텔,N,210886.78,445428.16
20020909.0,N,11000000107572,N,서울특별시 종로구 연지동,서울특별시,종로구,연지동,N,N,N,호텔 앳 홈(리스호텔),N,199942.01,452384.0
20020830.0,N,11000000107848,N,서울특별시 강남구 역삼동,서울특별시,강남구,역삼동,N,N,N,멜리샤호텔,N,202854.29,443685.08
20020830.0,N,11000000107964,Y,서울특별시 중구 예장동,서울특별시,중구,예장동,Y,N,N,오리엔스호텔,N,199054.37,450326.79
20020923.0,N,11000000108174,N,서울특별시 강남구 역삼동,서울특별시,강남구,역삼동,N,N,N,대승빌딩,N,202854.29,443685.08
20021010.0,N,11000000108249,Y,서울특별시 송파구 잠실동,서울특별시,송파구,잠실동,Y,N,N,폼호텔,N,207735.56,445529.41
20021126.0,N,11000000109089,Y,서울특별시 강남구 역삼동,서울특별시,강남구,역삼동,Y,N,N,김성민건물,N,202854.29,443685.08
20030127.0,N,11000000110815,N,서울특별시 강남구 역삼동,서울특별시,강남구,역삼동,N,N,N,베네키아 노블레스호텔,N,202854.29,443685.08
20030128.0,N,11000000110875,N,서울특별시 종로구 원남동,서울특별시,종로구,원남동,N,N,N,원남동226-1건물,N,199709.21,452580.8
20030305.0,N,11000000111075,N,서울특별시 강남구 신사동,서울특별시,강남구,신사동,N,N,N,까사미아(호텔라까사),N,201943.53,446861.12
20030307.0,N,11000000111179,N,서울특별시 강남구 대치동,서울특별시,강남구,대치동,N,N,N,호텔컬리넌 대치,N,204943.9,443450.24
20030324.0,N,11000000111247,N,서울특별시 서초구 서초동,서울특별시,서초구,서초동,N,N,N,라바호텔,N,201657.87,443098.69
20030228.0,N,11000000111303,N,서울특별시 종로구 낙원동,서울특별시,종로구,낙원동,N,N,N,스카이모텔,N,198924.0,452252.01
20030428.0,N,11000000111500,N,서울특별시 송파구 방이동,서울특별시,송파구,방이동,N,N,N,라운지호텔(구.첼로모텔),N,210886.78,445428.16
20030410.0,N,11000000111847,Y,서울특별시 강남구 논현동,서울특별시,강남구,논현동,Y,N,N,강남패밀리호텔(운현오피스텔),N,202596.32,445602.7
20030519.0,N,11000000112193,Y,서울특별시 강남구 역삼동,서울특별시,강남구,역삼동,Y,N,N,캘리포니아호텔,N,202854.29,443685.08
20030527.0,N,11000000112462,N,서울특별시 송파구 잠실동,서울특별시,송파구,잠실동,N,N,N,MW모텔,N,207735.56,445529.41
20030614.0,N,11000000112575,N,서울특별시 종로구 낙원동,서울특별시,종로구,낙원동,N,N,N,알리앙스 모텔,N,198924.0,452252.01
19811222.0,N,11000000113041,N,서울특별시 종로구 낙원동,서울특별시,종로구,낙원동,N,N,N,누누호텔 B동,N,198924.0,452252.01
19910223.0,N,11000000113042,N,서울특별시 종로구 낙원동,서울특별시,종로구,낙원동,N,N,N,호텔누누(A동),N,198924.0,452252.01
20030703.0,N,11000000113043,Y,서울특별시 중구 을지로6가,서울특별시,중구,을지로6가,Y,N,N,코업레지던스(주)코업,N,200516.4,451720.78
20030723.0,N,11000000113308,N,서울특별시 중구 수표동,서울특별시,중구,수표동,N,N,N,수표동 35-16 건물,N,199002.79,451685.2
19780202.0,N,11000000113357,N,서울특별시 마포구 서교동,서울특별시,마포구,서교동,N,N,N,보보호텔,N,192385.51,450317.3
20030809.0,N,11000000113381,Y,서울특별시 강남구 역삼동,서울특별시,강남구,역삼동,Y,N,N,호텔베리식스,N,202854.29,443685.08
20031201.0,N,11000000113670,N,서울특별시 종로구 낙원동,서울특별시,종로구,낙원동,N,N,N,브라운도트호텔,N,198924.0,452252.01
20030829.0,N,11000000113810,Y,서울특별시 강남구 대치동,서울특별시,강남구,대치동,Y,N,N,이비스 스타일 앰배서더 강남,N,204943.9,443450.24
20031002.0,N,11000000114324,Y,서울특별시 송파구 가락동,서울특별시,송파구,가락동,Y,N,N,캘리포니아관광호텔 (중점),N,209279.94,443820.17
20031105.0,N,11000000114498,N,서울특별시 종로구 관훈동,서울특별시,종로구,관훈동,N,N,N,호텔 썬비,N,198578.0,452426.42
20031027.0,N,11000000114542,N,서울특별시 강남구 역삼동,서울특별시,강남구,역삼동,N,N,N,호텔스타,N,202854.29,443685.08
20031105.0,N,11000000114716,N,서울특별시 강남구 삼성동,서울특별시,강남구,삼성동,N,N,N,제이에스무인호텔(SM호텔),N,205485.15,445790.25
20031203.0,N,11000000114922,N,서울특별시 종로구 효제동,서울특별시,종로구,효제동,N,N,Y,블루덕호텔,Y,200200.41,452255.99
20031212.0,N,11000000115460,Y,서울특별시 송파구 방이동,서울특별시,송파구,방이동,Y,N,N,톰지호텔,N,210886.78,445428.16
20031215.0,N,11000000115585,N,서울특별시 강남구 삼성동,서울특별시,강남구,삼성동,N,N,N,어반네스트(구.베드스테이션),N,205485.15,445790.25
20040116.0,N,11000000115788,N,서울특별시 종로구 낙원동,서울특별시,종로구,낙원동,N,N,N,시네마호텔(구낙원동숙박시설),N,198924.0,452252.01
20040107.0,N,11000000115863,N,서울특별시 강남구 역삼동,서울특별시,강남구,역삼동,N,N,N,호텔스타 프리미어(구.호텔맥스),N,202854.29,443685.08
20040213.0,N,11000000116509,Y,서울특별시 강남구 논현동,서울특별시,강남구,논현동,Y,N,N,렉스관광호텔,N,202596.32,445602.7
20040510.0,N,11000000117656,N,서울특별시 서초구 서초동,서울특별시,서초구,서초동,N,N,N,유승빌딩(교대기숙학사),N,201657.87,443098.69
20040621.0,N,11000000117688,N,서울특별시 송파구 방이동,서울특별시,송파구,방이동,N,N,N,까사호텔,N,210886.78,445428.16
20040528.0,N,11000000117816,N,서울특별시 강남구 역삼동,서울특별시,강남구,역삼동,N,N,N,프리미어호텔XYM(구.IMI호텔),N,202854.29,443685.08
20040617.0,N,11000000118093,N,서울특별시 강남구 삼성동,서울특별시,강남구,삼성동,N,N,Y,디에이스호텔,Y,205485.15,445790.25
20040625.0,N,11000000118338,N,서울특별시 서초구 서초동,서울특별시,서초구,서초동,Y,N,N,프로비스타호텔,N,201657.87,443098.69
20040805.0,N,11000000118545,N,서울특별시 종로구 낙원동,서울특별시,종로구,낙원동,N,N,N,낙원동숙박시설,N,198924.0,452252.01
20040714.0,N,11000000118612,N,서울특별시 중구 광희동1가,서울특별시,중구,광희동1가,N,N,N,트리쉐이드호텔,N,200500.4,451437.98
20040727.0,N,11000000118628,N,서울특별시 강남구 역삼동,서울특별시,강남구,역삼동,Y,N,N,렉시호텔,N,202854.29,443685.08
20040806.0,N,11000000118813,Y,서울특별시 서초구 서초동,서울특별시,서초구,서초동,Y,N,N,호텔 브릭(구.쟈스민호텔),N,201657.87,443098.69
20040924.0,N,11000000119500,N,서울특별시 강남구 역삼동,서울특별시,강남구,역삼동,N,N,N,648호텔,N,202854.29,443685.08
20041005.0,N,11000000119819,Y,서울특별시 종로구 관철동,서울특별시,종로구,관철동,Y,N,N,르몽호텔(호텔몽),N,198692.39,451868.81
20041103.0,N,11000000120026,Y,서울특별시 종로구 관수동,서울특별시,종로구,관수동,Y,N,N,다나호텔(보보스호텔),N,199087.59,451864.0
20041118.0,N,11000000120123,Y,서울특별시 강남구 논현동,서울특별시,강남구,논현동,Y,N,N,베스트웨스턴 강남호텔,N,202596.32,445602.7
20041129.0,N,11000000120450,N,서울특별시 송파구 삼전동,서울특별시,송파구,삼전동,N,N,Y,호텔인피니,Y,208111.15,444505.0
20041122.0,N,11000000120461,Y,서울특별시 종로구 인의동,서울특별시,종로구,인의동,Y,N,N,호텔 아트리움(구.라마다호텔),N,199724.4,452226.8
19840724.0,N,11000000120707,N,서울특별시 종로구 숭인동,서울특별시,종로구,숭인동,N,N,N,카라모텔,N,201661.62,452470.77
20041216.0,N,11000000120892,Y,서울특별시 서초구 서초동,서울특별시,서초구,서초동,Y,N,N,나인스호텔,N,201657.87,443098.69
20041217.0,N,11000000120917,N,서울특별시 서초구 서초동,서울특별시,서초구,서초동,N,N,N,에이치호텔,N,201657.87,443098.69
20040119.0,N,11000000120949,Y,서울특별시 강남구 삼성동,서울특별시,강남구,삼성동,Y,N,Y,구암빌딩,Y,205485.15,445790.25
20050105.0,N,11000000121242,N,서울특별시 강남구 대치동,서울특별시,강남구,대치동,N,N,N,서원빌딩,N,204943.9,443450.24
20050322.0,N,11000000121801,Y,서울특별시 종로구 익선동,서울특별시,종로구,익선동,Y,N,N,익선동 33-7 건물(MJ호텔),N,199020.0,452449.21
20050414.0,N,11000000121966,N,서울특별시 종로구 숭인동,서울특별시,종로구,숭인동,N,N,N,올리브호텔(구.무인자동화호텔 조아텔),N,201661.62,452470.77
20050418.0,N,11000000122037,Y,서울특별시 중구 충무로5가,서울특별시,중구,충무로5가,Y,N,N,현대프레스타워(구.현대레지던스),N,199915.19,451205.59
20050425.0,N,11000000122130,Y,서울특별시 종로구 수송동,서울특별시,종로구,수송동,Y,N,N,서머셋팰리스서울(로얄팰리스스위트),N,198217.59,452376.42
20050513.0,N,11000000122165,N,서울특별시 마포구 합정동,서울특별시,마포구,합정동,Y,N,N,호텔써클,N,192132.7,449936.5
20050530.0,N,11000000122225,N,서울특별시 마포구 노고산동,서울특별시,마포구,노고산동,N,N,N,ATNOON호텔(구.IMT호텔),N,194443.93,450233.27
20050521.0,N,11000000122366,Y,서울특별시 중구 광희동1가,서울특별시,중구,광희동1가,Y,N,N,신아호텔,N,200500.4,451437.98
20050304.0,N,11000000122378,Y,서울특별시 강남구 대치동,서울특별시,강남구,대치동,Y,N,N,파크하얏트서울,N,204943.9,443450.24
20050825.0,N,11000000123161,Y,서울특별시 중구 을지로5가,서울특별시,중구,을지로5가,Y,N,N,대성을지로오피스텔(웨스턴코업),N,200145.2,451591.59
20051110.0,N,11000000123902,N,서울특별시 중구 초동,서울특별시,중구,초동,N,N,N,초동 70-8 건물,N,199239.59,451347.2
20051118.0,N,11000000123990,N,서울특별시 종로구 낙원동,서울특별시,종로구,낙원동,N,N,N,심플스테이(구.호텔 투헤븐),N,198924.0,452252.01
20051207.0,N,11000000124183,N,서울특별시 종로구 운니동,서울특별시,종로구,운니동,N,N,N,베니키아 노블호텔,N,198890.0,452675.61
20060203.0,N,11000000124700,Y,서울특별시 중구 을지로7가,서울특별시,중구,을지로7가,Y,N,N,APM플레이스(라모도쇼핑몰센터),N,200791.2,451540.77
20060303.0,N,11000000124845,Y,서울특별시 중구 을지로5가,서울특별시,중구,을지로5가,Y,N,N,라마다 서울동대문(극동스타클래스),N,200145.2,451591.59
20060428.0,N,11000000125097,N,서울특별시 강남구 대치동,서울특별시,강남구,대치동,N,N,Y,EZD빌딩,Y,204943.9,443450.24
20060428.0,N,11000000125098,N,서울특별시 강남구 대치동,서울특별시,강남구,대치동,N,N,Y,트윈스빌딩,Y,204943.9,443450.24
20061204.0,N,11000000125283,Y,서울특별시 용산구 갈월동,서울특별시,용산구,갈월동,Y,N,N,HOTEL E-CUBE,N,197470.34,449390.81
20060703.0,N,11000000125749,Y,서울특별시 중구 순화동,서울특별시,중구,순화동,Y,N,N,프레이저 플레이스 센트럴 서울(순화동),N,197341.17,451142.43
20060720.0,N,11000000125828,Y,서울특별시 마포구 노고산동,서울특별시,마포구,노고산동,Y,N,N,신촌센트럴코업레지던스(신촌까사빌호텔),N,194443.93,450233.27
20061218.0,N,11000000126771,Y,서울특별시 마포구 합정동,서울특별시,마포구,합정동,Y,N,N,남경호텔,N,192132.7,449936.5
20070102.0,N,11000000127149,N,서울특별시 송파구 잠실동,서울특별시,송파구,잠실동,N,N,N,노블스테이호텔  구)테레즈호텔,N,207735.56,445529.41
20070222.0,N,11000000127536,Y,서울특별시 중구 을지로4가,서울특별시,중구,을지로4가,Y,N,N,베스트웨스턴호텔국도,N,199820.39,451578.79
20070509.0,N,11000000128104,N,서울특별시 종로구 효제동,서울특별시,종로구,효제동,N,N,N,청원NEST,N,200200.41,452255.99
20070525.0,N,11000000128215,Y,서울특별시 중구 순화동,서울특별시,중구,순화동,Y,N,N,포스코더샵,N,197341.17,451142.43
20071214.0,N,11000000129851,N,서울특별시 마포구 공덕동,서울특별시,마포구,공덕동,N,N,N,용진빌딩(파리바겟트),N,196398.74,449768.43
20071207.0,N,11000000129982,N,서울특별시 송파구 잠실동,서울특별시,송파구,잠실동,N,N,N,씩스티디자인모텔,N,207735.56,445529.41
20071207.0,N,11000000130000,N,서울특별시 송파구 잠실동,서울특별시,송파구,잠실동,N,N,N,퍼니모텔,N,207735.56,445529.41
20021203.0,N,11000000130144,Y,서울특별시 송파구 석촌동,서울특별시,송파구,석촌동,Y,N,N,레이크관광호텔 (중점),N,209096.76,444599.38
20080416.0,N,11000000131076,Y,서울특별시 중구 을지로2가,서울특별시,중구,을지로2가,Y,N,N,아르누보 센텀,N,198517.18,451508.81
20080522.0,N,11000000131503,N,서울특별시 중구 을지로6가,서울특별시,중구,을지로6가,N,N,N,대경모텔,N,200516.4,451720.78
20080626.0,N,11000000132050,N,서울특별시 강남구 논현동,서울특별시,강남구,논현동,N,N,Y,앤샵2빌딩,Y,202596.32,445602.7
20080919.0,N,11000000132813,Y,서울특별시 중구 광희동2가,서울특별시,중구,광희동2가,Y,N,N,동훈기업(동훈빌딩),N,200673.2,451294.37
20081215.0,N,11000000135348,N,서울특별시 종로구 관철동,서울특별시,종로구,관철동,Y,N,N,부티크케이호텔(BHK01),N,198692.39,451868.81
20081203.0,N,11000000135509,N,서울특별시 송파구 잠실동,서울특별시,송파구,잠실동,N,N,N,에스베네스트1(구.봄호텔),N,207735.56,445529.41
19631014.0,N,11000000135817,N,서울특별시 중구 충무로3가,서울특별시,중구,충무로3가,N,N,Y,영한빌딩 제1별관,Y,199162.38,451154.8
20090220.0,N,11000000136521,Y,서울특별시 마포구 공덕동,서울특별시,마포구,공덕동,Y,N,N,롯데캐슬프리지던트(롯데마포빌딩),N,196398.74,449768.43
20090217.0,N,11000000136697,Y,서울특별시 중구 충무로1가,서울특별시,중구,충무로1가,Y,N,N,CM브라이트빌딩(구.C&M빌딩),N,198354.37,451017.61
20091105.0,N,11000000138183,Y,서울특별시 서초구 서초동,서울특별시,서초구,서초동,N,N,N,아르누보씨티2,N,201657.87,443098.69
20090723.0,N,11000000138620,Y,서울특별시 중구 광희동2가,서울특별시,중구,광희동2가,Y,N,N,토요코인 서울동대문 1호점,N,200673.2,451294.37
20090901.0,N,11000000138696,N,서울특별시 서초구 방배동,서울특별시,서초구,방배동,N,N,N,준솔빌딩(홈스테이드),N,199442.64,442357.92
20090911.0,N,11000000138811,Y,서울특별시 마포구 신수동,서울특별시,마포구,신수동,Y,N,N,예수회 사도직센터,N,194206.31,449419.66
20091026.0,N,11000000139051,Y,서울특별시 마포구 노고산동,서울특별시,마포구,노고산동,Y,N,N,라뉘호텔,N,194443.93,450233.27
20091030.0,N,11000000139335,N,서울특별시 서초구 방배동,서울특별시,서초구,방배동,N,N,N,강남하우스,N,199442.64,442357.92
20091224.0,N,11000000139801,N,서울특별시 중구 황학동,서울특별시,중구,황학동,N,N,N,유니콘빌딩(구. 선광빌딩),N,201822.41,451690.76
20091231.0,N,11000000139851,N,서울특별시 종로구 권농동,서울특별시,종로구,권농동,N,N,N,권농동134-1건물,N,199202.8,452448.01
20100427.0,N,11000000140851,Y,서울특별시 중구 충무로2가,서울특별시,중구,충무로2가,Y,N,N,동양빌딩(이상길건물),N,199012.38,451085.6
20100609.0,N,11000000141376,N,서울특별시 강남구 역삼동,서울특별시,강남구,역삼동,Y,N,N,"사월호텔(구,그린파크)",N,202854.29,443685.08
20100908.0,N,11000000142360,N,서울특별시 중구 북창동,서울특별시,중구,북창동,N,N,Y,스타힐스호텔(구.아이린호텔),Y,197990.37,451104.82
20100930.0,N,11000000142550,Y,서울특별시 중구 신당동,서울특별시,중구,신당동,Y,N,N,맥스타일관리(주)(구.동대문중부상권시장),N,201206.4,451081.96
20110118.0,N,11000000143329,N,서울특별시 용산구 이태원동,서울특별시,용산구,이태원동,N,N,N,이태원동66-2건물,N,199181.54,448667.98
20101209.0,N,11000000143342,N,서울특별시 중구 충무로2가,서울특별시,중구,충무로2가,Y,N,Y,삼호빌딩(구.J&S빌딩),Y,199012.38,451085.6
20110113.0,N,11000000143796,N,서울특별시 중구 필동3가,서울특별시,중구,필동3가,N,N,N,WH고시원,N,199665.58,450691.59
20110329.0,N,11000000144606,Y,서울특별시 중구 충무로5가,서울특별시,중구,충무로5가,Y,N,N,(주)네오코너스톤(광암라이피아 명동멀린호텔),N,199915.19,451205.59
20110530.0,N,11000000145097,N,서울특별시 종로구 낙원동,서울특별시,종로구,낙원동,N,N,N,아마레(구.낙원동호텔),N,198924.0,452252.01
20110525.0,N,11000000145475,N,서울특별시 마포구 노고산동,서울특별시,마포구,노고산동,N,N,N,Y호텔,N,194443.93,450233.27
20110615.0,N,11000000145639,Y,서울특별시 중구 남산동2가,서울특별시,중구,남산동2가,Y,N,N,오요6(OYO6)(엠플스페이스),N,198728.37,450682.8
20110728.0,N,11000000145674,Y,서울특별시 마포구 도화동,서울특별시,마포구,도화동,Y,N,N,자람빌딩(경찰공제회),N,195500.31,448811.64
20110713.0,N,11000000146091,Y,서울특별시 강남구 역삼동,서울특별시,강남구,역삼동,Y,N,N,서울인바이더디자이너스(구.블루밍하우스),N,202854.29,443685.08
20031224.0,N,11000000146356,N,서울특별시 강남구 역삼동,서울특별시,강남구,역삼동,Y,N,N,NOX호텔(녹스호텔),N,202854.29,443685.08
20110902.0,N,11000000146374,Y,서울특별시 마포구 노고산동,서울특별시,마포구,노고산동,Y,N,Y,백산빌딩,Y,194443.93,450233.27
20110919.0,N,11000000146791,Y,서울특별시 마포구 상암동,서울특별시,마포구,상암동,Y,N,N,스탠포드호텔코리아,N,190627.94,452896.95
20111207.0,N,11000000148180,N,서울특별시 중구 오장동,서울특별시,중구,오장동,N,N,N,경일빌딩(구.삼덕빌딩),N,199991.59,451403.19
20120213.0,N,11000000149350,N,서울특별시 종로구 낙원동,서울특별시,종로구,낙원동,N,N,N,호텔팝2,N,198924.0,452252.01
20120228.0,N,11000000149435,N,서울특별시 강남구 역삼동,서울특별시,강남구,역삼동,Y,N,N,AC호텔바이메리어트서울강남(머큐어쏘도베),N,202854.29,443685.08
20120320.0,N,11000000149544,N,서울특별시 종로구 낙원동,서울특별시,종로구,낙원동,N,N,N,호텔팝3,N,198924.0,452252.01
19680917.0,N,11000000150604,N,서울특별시 종로구 익선동,서울특별시,종로구,익선동,N,N,N,가든호텔,Y,199020.0,452449.21
20120704.0,N,11000000150834,Y,서울특별시 중구 명동2가,서울특별시,중구,명동2가,Y,N,N,동상빌딩(싸비싸지),N,198625.18,451178.81
20120728.0,N,11000000151114,N,서울특별시 중구 남산동2가,서울특별시,중구,남산동2가,Y,N,N,호텔 룩홈,N,198728.37,450682.8
20120813.0,N,11000000151254,N,서울특별시 중구 을지로6가,서울특별시,중구,을지로6가,N,N,N,저스트스테이,N,200516.4,451720.78
20120912.0,N,11000000151317,N,서울특별시 종로구 낙원동,서울특별시,종로구,낙원동,N,N,N,호텔스타,N,198924.0,452252.01
20120907.0,N,11000000151327,N,서울특별시 종로구 익선동,서울특별시,종로구,익선동,N,N,N,종로원,Y,199020.0,452449.21
20120917.0,N,11000000151450,N,서울특별시 종로구 익선동,서울특별시,종로구,익선동,N,N,Y,아이콘호텔,Y,199020.0,452449.21
20121206.0,N,11000000152317,Y,서울특별시 송파구 잠실동,서울특별시,송파구,잠실동,Y,N,N,파로스관광호텔,N,207735.56,445529.41
20121115.0,N,11000000152321,N,서울특별시 중구 충무로2가,서울특별시,중구,충무로2가,Y,N,N,진고개빌딩,N,199012.38,451085.6
20130104.0,N,11000000152841,Y,서울특별시 중구 예장동,서울특별시,중구,예장동,N,N,N,영인호텔(구.호텔 파크뷰),N,199054.37,450326.79
20130130.0,N,11000000152892,N,서울특별시 종로구 익선동,서울특별시,종로구,익선동,N,N,N,호텔다다(구.엘로우브릭호스텔),N,199020.0,452449.21
20130222.0,N,11000000153026,N,서울특별시 강남구 역삼동,서울특별시,강남구,역삼동,N,N,N,호텔그라모스,N,202854.29,443685.08
20130122.0,N,11000000153079,Y,서울특별시 마포구 서교동,서울특별시,마포구,서교동,Y,N,N,호텔 더 디자이너스 홍대,N,192385.51,450317.3
20130319.0,N,11000000153369,N,서울특별시 중구 북창동,서울특별시,중구,북창동,N,N,N,로컬스티치 시청 A동(구.신신호텔1 별관),N,197990.37,451104.82
20130405.0,N,11000000153376,N,서울특별시 종로구 낙원동,서울특별시,종로구,낙원동,N,N,N,호텔컬리넌건물,N,198924.0,452252.01
20130430.0,N,11000000153472,N,서울특별시 강남구 역삼동,서울특별시,강남구,역삼동,Y,N,N,디엔에스리치빌(강덕환 외3인 건물),N,202854.29,443685.08
20130416.0,N,11000000153534,Y,서울특별시 중구 북창동,서울특별시,중구,북창동,Y,N,Y,트레블로지 명동시티홀호텔(구.아로파호텔),Y,197990.37,451104.82
20130506.0,N,11000000153593,Y,서울특별시 강남구 역삼동,서울특별시,강남구,역삼동,Y,N,N,엘리시아건물,N,202854.29,443685.08
20130506.0,N,11000000153597,N,서울특별시 종로구 와룡동,서울특별시,종로구,와룡동,N,N,N,호스텔코리아(와룡동140외2숙박시설),N,199154.42,453338.02
20130911.0,N,11000000153781,Y,서울특별시 종로구 익선동,서울특별시,종로구,익선동,Y,N,N,이비스엠버서더 인사동앰배스텔이비스 엠배서더,N,199020.0,452449.21
20130626.0,N,11000000153995,N,서울특별시 강남구 역삼동,서울특별시,강남구,역삼동,N,N,N,호텔컬리넌역삼,N,202854.29,443685.08
19901231.0,N,11000000154037,Y,서울특별시 서초구 양재동,서울특별시,서초구,양재동,Y,N,N,더케이호텔(한국교직원공제회),N,203244.25,441092.25
20130816.0,N,11000000154446,Y,서울특별시 송파구 석촌동,서울특별시,송파구,석촌동,Y,N,N,로사나관광호텔,N,209096.76,444599.38
20130801.0,N,11000000154469,N,서울특별시 용산구 이태원동,서울특별시,용산구,이태원동,N,N,N,누베르 서울호텔,N,199181.54,448667.98
20130814.0,N,11000000154629,N,서울특별시 종로구 효제동,서울특별시,종로구,효제동,N,N,N,에어호스텔,N,200200.41,452255.99
20130917.0,N,11000000154674,N,서울특별시 종로구 관수동,서울특별시,종로구,관수동,N,N,N,아이엠티호텔,N,199087.59,451864.0
19850320.0,N,11000000154888,Y,서울특별시 중구 장충동1가,서울특별시,중구,장충동1가,Y,N,N,봉우빌딩(써미트호텔),N,200577.59,450930.77
20131107.0,N,11000000155187,N,서울특별시 종로구 관수동,서울특별시,종로구,관수동,N,N,N,호텔더디자이너스,N,199087.59,451864.0
20131107.0,N,11000000155188,N,서울특별시 종로구 관수동,서울특별시,종로구,관수동,N,N,N,호텔더디자이너스 종로B,N,199087.59,451864.0
20131118.0,N,11000000155280,N,서울특별시 마포구 서교동,서울특별시,마포구,서교동,N,N,N,아늑호텔(구.디오레호텔),N,192385.51,450317.3
20131031.0,N,11000000155289,Y,서울특별시 강남구 역삼동,서울특별시,강남구,역삼동,Y,N,Y,루미하우스,Y,202854.29,443685.08
20151202.0,N,11000000155508,Y,서울특별시 종로구 종로6가,서울특별시,종로구,종로6가,Y,N,N,JW메리어트 동대문스퀘어 서울,N,200600.41,452177.98
20140110.0,N,11000000155752,N,서울특별시 종로구 관수동,서울특별시,종로구,관수동,N,N,N,호텔리안,N,199087.59,451864.0
20140120.0,N,11000000155772,Y,서울특별시 마포구 신정동,서울특별시,마포구,신정동,Y,N,N,굿피플빌딩[구.순복음학사관],N,193773.5,448991.67
20140109.0,N,11000000155818,Y,서울특별시 중구 오장동,서울특별시,중구,오장동,Y,N,N,코발트팰리스,N,199991.59,451403.19
20140303.0,N,11000000159811,Y,서울특별시 서초구 서초동,서울특별시,서초구,서초동,Y,N,N,소설호텔,N,201657.87,443098.69
19760331.0,N,11000000160396,N,서울특별시 송파구 마천동,서울특별시,송파구,마천동,N,N,N,마천동308-40건물,N,213186.38,443768.11
20161118.0,N,11000000201023,Y,서울특별시 강남구 역삼동,서울특별시,강남구,역삼동,Y,N,N,도미인서울강남호텔,N,202854.29,443685.08
19700101.0,N,11000000201428,N,서울특별시 종로구 연지동,서울특별시,종로구,연지동,N,N,N,에스디전기,N,199942.01,452384.0
20140710.0,N,11000000202039,N,서울특별시 종로구 원남동,서울특별시,종로구,원남동,Y,N,N,메이플레이스호텔,N,199709.21,452580.8
19961206.0,N,11000000202153,N,서울특별시 중구 남산동2가,서울특별시,중구,남산동2가,N,N,N,123호스텔(제령빌딩),Y,198728.37,450682.8
20140703.0,N,11000000202183,Y,서울특별시 강남구 역삼동,서울특별시,강남구,역삼동,Y,N,N,제리스플래닛호텔,N,202854.29,443685.08
20140730.0,N,11000000202780,Y,서울특별시 강남구 역삼동,서울특별시,강남구,역삼동,Y,N,N,신라스테이 역삼,N,202854.29,443685.08
20140916.0,N,11000000202911,Y,서울특별시 서초구 서초동,서울특별시,서초구,서초동,Y,N,N,강남역푸르지오시티(어반플레이스강남),N,201657.87,443098.69
20140617.0,N,11000000202951,N,서울특별시 중구 남대문로5가,서울특별시,중구,남대문로5가,N,N,N,K-POP 호텔,N,197659.16,450589.62
20160128.0,N,11000000205964,N,서울특별시 종로구 숭인동,서울특별시,종로구,숭인동,Y,N,N,아이비씨 호텔 앤 오피스텔,N,201661.62,452470.77
20150625.0,N,11000000207807,N,서울특별시 종로구 낙원동,서울특별시,종로구,낙원동,N,N,Y,JONGNO Residence,N,198924.0,452252.01
20151231.0,N,11000000208871,Y,서울특별시 종로구 낙원동,서울특별시,종로구,낙원동,Y,N,N,헤르츠,N,198924.0,452252.01
20140611.0,N,11000000209539,Y,서울특별시 중구 오장동,서울특별시,중구,오장동,Y,N,N,스카이파크호텔(동대문1호점),N,199991.59,451403.19
20140903.0,N,11000000211130,N,서울특별시 서초구 서초동,서울특별시,서초구,서초동,Y,N,N,오클라우드호텔,N,201657.87,443098.69
20140905.0,N,11000000211309,N,서울특별시 강남구 역삼동,서울특별시,강남구,역삼동,N,N,N,에이치에비뉴호텔 역삼,N,202854.29,443685.08
20180921.0,N,11000000212542,Y,서울특별시 강남구 삼성동,서울특별시,강남구,삼성동,Y,N,N,호텔크레센도 서울,N,205485.15,445790.25
20140822.0,N,11000000212673,Y,서울특별시 강남구 청담동,서울특별시,강남구,청담동,Y,N,N,알로프트 호텔,N,204282.36,446977.88
20160126.0,N,11000000212752,Y,서울특별시 강남구 역삼동,서울특별시,강남구,역삼동,Y,N,N,강남캠퍼스 호텔 A동,N,202854.29,443685.08
20160126.0,N,11000000212753,Y,서울특별시 강남구 역삼동,서울특별시,강남구,역삼동,Y,N,N,강남캠퍼스 호텔(B동),N,202854.29,443685.08
20140903.0,N,11000000213746,N,서울특별시 중구 오장동,서울특별시,중구,오장동,Y,N,N,베이튼호텔,N,199991.59,451403.19
20150430.0,N,11000000216183,N,서울특별시 종로구 관철동,서울특별시,종로구,관철동,N,N,Y,J&J빌딩,Y,198692.39,451868.81
20141007.0,N,11000000216213,N,서울특별시 마포구 동교동,서울특별시,마포구,동교동,N,N,N,LJ빌딩,Y,193061.52,450551.29
20240402.0,N,11000000218177,N,서울특별시 용산구 이촌동,서울특별시,용산구,이촌동,N,N,N,스카이스위트 한강브릿지 서울,N,197463.48,445774.78
19610407.0,N,11000000219373,N,서울특별시 용산구 청파동3가,서울특별시,용산구,청파동3가,N,N,N,광성여관,N,197011.53,448999.21
19910116.0,N,11000000223907,N,서울특별시 중구 무학동,서울특별시,중구,무학동,N,N,N,류민희건물,N,201279.6,451341.97
20160111.0,N,11000000224627,Y,서울특별시 강남구 역삼동,서울특별시,강남구,역삼동,Y,N,N,강남스테이관광호텔,N,202854.29,443685.08
20220125.0,N,11000000224712,N,서울특별시 중구 을지로5가,서울특별시,중구,을지로5가,N,N,N,로스터스로스터리,N,200145.2,451591.59
19701120.0,N,11000000224985,N,서울특별시 중구 충무로2가,서울특별시,중구,충무로2가,N,N,N,KW호스텔,N,199012.38,451085.6
19700922.0,N,11000000225041,N,서울특별시 중구 충무로3가,서울특별시,중구,충무로3가,N,N,N,태국수건물,N,199162.38,451154.8
19550910.0,N,11000000225071,N,서울특별시 중구 충무로3가,서울특별시,중구,충무로3가,N,N,N,충무로3가 59-10,N,199162.38,451154.8
19860313.0,N,11000000225965,N,서울특별시 중구 남산동2가,서울특별시,중구,남산동2가,N,N,N,서울명동하우스 건물(보로호스텔),N,198728.37,450682.8
20140919.0,N,11000000226519,Y,서울특별시 중구 광희동2가,서울특별시,중구,광희동2가,Y,N,N,맹그로브 동대문(구.이비스버젯앰배서더동대문호텔),N,200673.2,451294.37
19760818.0,N,11000000226726,N,서울특별시 마포구 노고산동,서울특별시,마포구,노고산동,N,N,N,신촌시스터스(게스트하우스) 건물,N,194443.93,450233.27
19991202.0,N,11000000226728,N,서울특별시 마포구 노고산동,서울특별시,마포구,노고산동,N,N,N,삼보빌딩(수도시락건물),N,194443.93,450233.27
20170209.0,N,11000000227541,Y,서울특별시 송파구 신천동,서울특별시,송파구,신천동,Y,N,N,롯데월드타워&롯데월드몰,N,208891.58,446233.8
20141126.0,N,11000000227825,N,서울특별시 종로구 관철동,서울특별시,종로구,관철동,N,N,Y,대한방직협회신관,Y,198692.39,451868.81
20140829.0,N,11000000227987,N,서울특별시 중구 회현동1가,서울특별시,중구,회현동1가,N,N,N,제2강화장학관기숙사(구.남산시티호텔),N,198269.56,450368.81
20141204.0,N,11000000228118,N,서울특별시 종로구 관수동,서울특별시,종로구,관수동,N,N,N,나포레호텔,N,199087.59,451864.0
19700101.0,N,11000000232896,N,서울특별시 종로구 돈의동,서울특별시,종로구,돈의동,N,N,N,익선아뜨리에(송원텔게스트하우스),N,199111.2,452186.81
19320823.0,N,11000000232906,N,서울특별시 종로구 창신동,서울특별시,종로구,창신동,N,N,N,창신동462-9건물(여인숙),N,201063.62,452547.98
19850622.0,N,11000000233028,N,서울특별시 종로구 효제동,서울특별시,종로구,효제동,N,N,N,스타호스텔,N,200200.41,452255.99
19700101.0,N,11000000233640,N,서울특별시 종로구 충신동,서울특별시,종로구,충신동,N,N,N,충신장여관(공장 및 창고로 용도변경),N,200456.81,452517.19
19710528.0,N,11000000234598,N,서울특별시 종로구 낙원동,서울특별시,종로구,낙원동,N,N,N,낙원동98-1건물,N,198924.0,452252.01
19900830.0,N,11000000235280,N,서울특별시 마포구 동교동,서울특별시,마포구,동교동,N,N,N,비아르떼 호스텔,N,193061.52,450551.29
20200828.0,N,11000000236714,Y,서울특별시 중구 저동2가,서울특별시,중구,저동2가,Y,N,N,포포인츠 바이쉐라톤 서울명동,N,199027.18,451326.8
19700101.0,N,11000000237784,N,서울특별시 종로구 돈의동,서울특별시,종로구,돈의동,N,N,N,모텔 라휘느,N,199111.2,452186.81
20141118.0,N,11000000238864,N,서울특별시 중구 남창동,서울특별시,중구,남창동,N,N,Y,k-pop호텔 서울타워,Y,197947.56,450602.81
19700128.0,N,11000000239414,N,서울특별시 마포구 성산동,서울특별시,마포구,성산동,N,N,N,성산모텔,N,191915.52,451182.11
20161230.0,N,11000000239617,Y,서울특별시 강남구 삼성동,서울특별시,강남구,삼성동,Y,N,N,호텔 유리앤,N,205485.15,445790.25
20141201.0,N,11000000239678,Y,서울특별시 중구 충무로2가,서울특별시,중구,충무로2가,N,N,N,가나빌딩,Y,199012.38,451085.6
19590910.0,N,11000000240003,N,서울특별시 종로구 와룡동,서울특별시,종로구,와룡동,N,N,N,태양장여관,N,199154.42,453338.02
19590330.0,N,11000000240073,N,서울특별시 종로구 창신동,서울특별시,종로구,창신동,N,N,N,갑도자수,N,201063.62,452547.98
19551115.0,N,11000000240826,N,서울특별시 중구 충무로2가,서울특별시,중구,충무로2가,N,N,N,올스테이인(퇴계로159-8),N,199012.38,451085.6
19700101.0,N,11000000241083,N,서울특별시 종로구 장사동,서울특별시,종로구,장사동,N,N,Y,알게스트하우스 종묘점(장사동130-2건물),Y,199402.4,451881.2
20170529.0,N,11000000241390,Y,서울특별시 종로구 숭인동,서울특별시,종로구,숭인동,Y,N,N,서울앤호텔,N,201661.62,452470.77
20141203.0,N,11000000242155,Y,서울특별시 강남구 신사동,서울특별시,강남구,신사동,Y,N,N,신사케이타워A동,N,201943.53,446861.12
20241226.0,N,11000000242697,N,서울특별시 종로구 숭인동,서울특별시,종로구,숭인동,N,N,Y,숭인동217-6건물,Y,201661.62,452470.77
19691030.0,N,11000000243209,N,서울특별시 중구 광희동1가,서울특별시,중구,광희동1가,N,N,N,구:을지여인숙건물,N,200500.4,451437.98
19910118.0,N,11000000243881,N,서울특별시 서초구 서초동,서울특별시,서초구,서초동,N,N,N,라임하우스(이용기주택),N,201657.87,443098.69
20141224.0,N,11000000246279,N,서울특별시 강남구 개포동,서울특별시,강남구,개포동,Y,N,N,데님관광호텔,N,205010.68,442194.23
19651220.0,N,11000000248571,N,서울특별시 마포구 노고산동,서울특별시,마포구,노고산동,N,N,N,1965신촌inn,N,194443.93,450233.27
19600915.0,N,11000000248754,N,서울특별시 중구 다동,서울특별시,중구,다동,Y,N,N,스몰하우스빅도어(구.대한빌딩),N,198267.18,451734.42
20150120.0,N,11000000248794,Y,서울특별시 중구 충무로2가,서울특별시,중구,충무로2가,Y,N,N,이비스스타일명동호텔(충무로비즈니스호텔),N,199012.38,451085.6
20150205.0,N,11000000248975,Y,서울특별시 중구 충무로3가,서울특별시,중구,충무로3가,Y,N,N,스테이비호텔명동,N,199162.38,451154.8
20150319.0,N,11000000249857,Y,서울특별시 중구 을지로2가,서울특별시,중구,을지로2가,Y,N,N,트레블로지 명동을지로호텔(구.홀리데이인익스프레스),N,198517.18,451508.81
20150902.0,N,11000000249958,Y,서울특별시 강남구 논현동,서울특별시,강남구,논현동,Y,N,N,호텔 더 디자이너스 리즈강남프리미어,N,202596.32,445602.7
20191017.0,N,11000000250013,Y,서울특별시 종로구 낙원동,서울특별시,종로구,낙원동,Y,N,N,MOXY 관광호텔,N,198924.0,452252.01
20150327.0,N,11000000250017,Y,서울특별시 용산구 동자동,서울특별시,용산구,동자동,Y,N,N,트윈시티 남산(포포인츠),N,197491.15,449976.42
20150327.0,N,11000000250060,Y,서울특별시 용산구 문배동,서울특별시,용산구,문배동,Y,N,N,용산KCC웰츠타워(모던용산한옥),N,197226.32,448317.21
20171228.0,N,11000000250396,Y,서울특별시 강남구 신사동,서울특별시,강남구,신사동,Y,N,N,포포인츠 바이 쉐라톤 서울 강남,N,201943.53,446861.12
20150422.0,N,11000000250549,Y,서울특별시 강남구 역삼동,서울특별시,강남구,역삼동,Y,N,N,리치웰 호텔,N,202854.29,443685.08
20150511.0,N,11000000250596,N,서울특별시 중구 충무로2가,서울특별시,중구,충무로2가,N,N,N,크레토호텔(크레토명동),N,199012.38,451085.6
20161101.0,N,11000000250722,N,서울특별시 종로구 관수동,서울특별시,종로구,관수동,N,N,Y,그리드인 건물,Y,199087.59,451864.0
20160101.0,N,11000000250734,N,서울특별시 종로구 낙원동,서울특별시,종로구,낙원동,N,N,N,메이커스 호텔,N,198924.0,452252.01
20151008.0,N,11000000250900,Y,서울특별시 강남구 논현동,서울특별시,강남구,논현동,Y,N,N,호텔 카푸치노,N,202596.32,445602.7
20170523.0,N,11000000251098,N,서울특별시 강남구 개포동,서울특별시,강남구,개포동,N,N,Y,호텔컬리넌개포점,Y,205010.68,442194.23
20150609.0,N,11000000251127,Y,서울특별시 중구 광희동2가,서울특별시,중구,광희동2가,Y,N,N,더스프라지르소테츠호텔동대문점(구.헤리티지호텔),N,200673.2,451294.37
20150602.0,N,11000000251159,Y,서울특별시 서초구 서초동,서울특별시,서초구,서초동,Y,N,N,호텔페이토 강남,N,201657.87,443098.69
20171031.0,N,11000000251186,Y,서울특별시 강남구 대치동,서울특별시,강남구,대치동,Y,N,N,호텔글래드강남코엑스센터,N,204943.9,443450.24
20150626.0,N,11000000251505,N,서울특별시 마포구 도화동,서울특별시,마포구,도화동,Y,N,N,신라스테이마포(도화동 비지니스 호텔),N,195500.31,448811.64
20151007.0,N,11000000251636,Y,서울특별시 중구 북창동,서울특별시,중구,북창동,Y,N,N,더스프라지르소테츠호텔명동점(구.골든튤립엠호텔),N,197990.37,451104.82
20150717.0,N,11000000251693,Y,서울특별시 중구 명동2가,서울특별시,중구,명동2가,Y,N,Y,명동빌딩,Y,198625.18,451178.81
20151120.0,N,11000000251757,Y,서울특별시 종로구 당주동,서울특별시,종로구,당주동,Y,N,N,포시즌스호텔,N,197633.58,452142.83
19710330.0,N,11000000251931,Y,서울특별시 중구 소공동,서울특별시,중구,소공동,Y,N,N,크라운파크호텔더파크다이닝,N,198145.18,451291.22
20161129.0,N,11000000252280,Y,서울특별시 강남구 청담동,서울특별시,강남구,청담동,Y,N,N,호텔엔트라(S호텔),N,204282.36,446977.88
19591230.0,N,11000000252619,N,서울특별시 중구 남산동2가,서울특별시,중구,남산동2가,N,N,N,수 게스트하우스,N,198728.37,450682.8
20150727.0,N,11000000252662,N,서울특별시 중구 황학동,서울특별시,중구,황학동,N,N,Y,미르레지던스(지정욱건물),Y,201822.41,451690.76
20161110.0,N,11000000252747,N,서울특별시 용산구 이태원동,서울특별시,용산구,이태원동,N,N,N,에이원호텔(이태원동64-32건물),N,199181.54,448667.98
20180803.0,N,11000000252823,Y,서울특별시 강남구 논현동,서울특별시,강남구,논현동,Y,N,N,에이든청담호텔,N,202596.32,445602.7
20150805.0,N,11000000252837,Y,서울특별시 중구 쌍림동,서울특별시,중구,쌍림동,Y,N,N,호텔더디자이너스 동대문,N,200302.39,451249.58
20180710.0,N,11000000253091,Y,서울특별시 강남구 논현동,서울특별시,강남구,논현동,Y,N,N,파티오7,N,202596.32,445602.7
20150925.0,N,11000000253361,N,서울특별시 서초구 방배동,서울특별시,서초구,방배동,N,N,N,방배동923-10건물,N,199442.64,442357.92
20160905.0,N,11000000253406,N,서울특별시 강남구 역삼동,서울특별시,강남구,역삼동,N,N,N,디아티스트호텔(구.벨라루나호텔),N,202854.29,443685.08
20180220.0,N,11000000253496,Y,서울특별시 강남구 역삼동,서울특별시,강남구,역삼동,Y,N,N,오월호텔,N,202854.29,443685.08
20151110.0,N,11000000254579,N,서울특별시 중구 광희동1가,서울특별시,중구,광희동1가,N,N,N,NO25호텔(구:킹모텔),N,200500.4,451437.98
20151210.0,N,11000000255018,Y,서울특별시 중구 충무로2가,서울특별시,중구,충무로2가,Y,N,N,호텔롯데L7명동,N,199012.38,451085.6
20200102.0,N,11000000255163,Y,서울특별시 강남구 삼성동,서울특별시,강남구,삼성동,Y,N,N,신라스테이삼성,N,205485.15,445790.25
20171222.0,N,11000000255227,Y,서울특별시 강남구 역삼동,서울특별시,강남구,역삼동,Y,N,N,Hotel Senne,N,202854.29,443685.08
20160201.0,N,11000000255366,Y,서울특별시 강남구 역삼동,서울특별시,강남구,역삼동,Y,N,N,카파스호텔,N,202854.29,443685.08
20190129.0,N,11000000255452,Y,서울특별시 강남구 삼성동,서울특별시,강남구,삼성동,Y,N,N,호텔인나인,N,205485.15,445790.25
20171101.0,N,11000000255642,Y,서울특별시 종로구 숭인동,서울특별시,종로구,숭인동,Y,N,N,루미아Ⅱ(종로구 숭인동 관광호텔 ),N,201661.62,452470.77
20171204.0,N,11000000255666,Y,서울특별시 마포구 동교동,서울특별시,마포구,동교동,Y,N,N,롯데호텔 L7홍대,N,193061.52,450551.29
20190430.0,N,11000000255745,Y,서울특별시 종로구 원남동,서울특별시,종로구,원남동,Y,N,N,오라카이 대학로 호텔,N,199709.21,452580.8
20180424.0,N,11000000255750,Y,서울특별시 종로구 인사동,서울특별시,종로구,인사동,Y,N,N,도미 인 익스프레스(구.호텔쿠레다케소),N,198697.99,452157.21
20161226.0,N,11000000255865,Y,서울특별시 마포구 서교동,서울특별시,마포구,서교동,Y,N,N,"나인브릭호텔(구,라테라스)",N,192385.51,450317.3
20180725.0,N,11000000256274,Y,서울특별시 마포구 동교동,서울특별시,마포구,동교동,Y,N,N,(주)마포애경타운,N,193061.52,450551.29
20151210.0,N,11000000256303,Y,서울특별시 중구 북창동,서울특별시,중구,북창동,Y,N,N,호텔르서울,N,197990.37,451104.82
20151223.0,N,11000000256308,N,서울특별시 중구 남대문로5가,서울특별시,중구,남대문로5가,N,N,N,호텔 레스(구.요우커모텔),N,197659.16,450589.62
20160913.0,N,11000000256846,N,서울특별시 마포구 동교동,서울특별시,마포구,동교동,N,N,N,나비호스텔,N,193061.52,450551.29
20161116.0,N,11000000257338,Y,서울특별시 강남구 역삼동,서울특별시,강남구,역삼동,Y,N,N,역삼어반하우스(정애정외1인건물),N,202854.29,443685.08
20190618.0,N,11000000258082,Y,서울특별시 강남구 신사동,서울특별시,강남구,신사동,Y,N,N,안다즈서울강남,N,201943.53,446861.12
20160401.0,N,11000000259145,Y,서울특별시 중구 황학동,서울특별시,중구,황학동,Y,N,N,엘씨티33,N,201822.41,451690.76
20190924.0,N,11000000261103,Y,서울특별시 종로구 이화동,서울특별시,종로구,이화동,Y,N,N,글루호텔(glue hotel),N,200313.62,452744.39
20160524.0,N,11000000262321,Y,서울특별시 마포구 서교동,서울특별시,마포구,서교동,Y,N,N,아만티호텔,N,192385.51,450317.3
20181213.0,N,11000000262474,Y,서울특별시 강남구 청담동,서울특별시,강남구,청담동,Y,N,N,아노블리81,N,204282.36,446977.88
19910924.0,N,11000000262763,N,서울특별시 중구 광희동1가,서울특별시,중구,광희동1가,N,N,N,광희동1가 182-20건물,N,200500.4,451437.98
20160526.0,N,11000000262988,Y,서울특별시 중구 을지로5가,서울특별시,중구,을지로5가,Y,N,N,트레블로지동대문호텔(구.이비스앰배서더호텔),N,200145.2,451591.59
19661128.0,N,11000000263202,N,서울특별시 중구 황학동,서울특별시,중구,황학동,N,N,N,우림여인숙,N,201822.41,451690.76
20160719.0,N,11000000264038,Y,서울특별시 송파구 장지동,서울특별시,송파구,장지동,Y,N,N,힐스테이트송파위례(c1-1 블럭 위례지구,N,212011.13,441822.11
20180502.0,N,11000000264481,Y,서울특별시 강남구 역삼동,서울특별시,강남구,역삼동,Y,N,N,뉴브호텔,N,202854.29,443685.08
20161103.0,N,11000000265884,Y,서울특별시 용산구 갈월동,서울특별시,용산구,갈월동,Y,N,N,호텔더디자이너스 서울역점(디자이너스호텔),N,197470.34,449390.81
20160913.0,N,11000000266263,Y,서울특별시 중구 황학동,서울특별시,중구,황학동,Y,N,N,서울특별시 중구 황학동  1859-0(윌씨티33),N,201822.41,451690.76
20190212.0,N,11000000266942,N,서울특별시 종로구 관수동,서울특별시,종로구,관수동,N,N,Y,더포스트,Y,199087.59,451864.0
19711103.0,N,11000000268906,N,서울특별시 마포구 망원동,서울특별시,마포구,망원동,N,N,N,망원동405-27건물,N,191213.51,450506.12
20160929.0,N,11000000268961,Y,서울특별시 송파구 문정동,서울특별시,송파구,문정동,Y,N,Y,송파파크하비오푸르지오(중점 가스 특별),Y,210390.33,442511.75
19841123.0,N,11000000270491,N,서울특별시 중구 황학동,서울특별시,중구,황학동,N,N,N,황학동234,N,201822.41,451690.76
19900307.0,N,11000000283276,N,서울특별시 중구 황학동,서울특별시,중구,황학동,N,N,N,모먼트맨션,N,201822.41,451690.76
19920710.0,N,11000000294307,N,서울특별시 종로구 연지동,서울특별시,종로구,연지동,N,N,N,연지동258-4건물,N,199942.01,452384.0
20161115.0,N,11000000300179,Y,서울특별시 중구 명동2가,서울특별시,중구,명동2가,Y,N,N,알로프트서울명동,N,198625.18,451178.81
20161208.0,N,11000000300266,N,서울특별시 중구 충무로2가,서울특별시,중구,충무로2가,N,N,N,UH호텔(구.호텔도토명동),N,199012.38,451085.6
20170113.0,N,11000000311935,Y,서울특별시 마포구 도화동,서울특별시,마포구,도화동,Y,N,N,효성해링턴스퀘어글래드호텔(경의선공덕역 복합시설),N,195500.31,448811.64
20170120.0,N,11000000312095,N,서울특별시 중구 초동,서울특별시,중구,초동,Y,N,N,나인트리호텔,N,199239.59,451347.2
19821104.0,N,11000000312628,N,서울특별시 중구 회현동1가,서울특별시,중구,회현동1가,N,N,N,파크힐호텔,N,198269.56,450368.81
20170111.0,N,11000000312677,Y,서울특별시 서초구 서초동,서울특별시,서초구,서초동,Y,N,N,서초신라스테이호텔,N,201657.87,443098.69
20181214.0,N,11000000312686,Y,서울특별시 중구 황학동,서울특별시,중구,황학동,Y,N,Y,로팡빌딩,Y,201822.41,451690.76
20171122.0,N,11000000312705,Y,서울특별시 중구 서소문동,서울특별시,중구,서소문동,Y,N,N,ENA 스위트호텔,N,197624.37,451204.02
20180328.0,N,11000000312741,N,서울특별시 중구 황학동,서울특별시,중구,황학동,N,N,N,제이앤비더베스트2,Y,201822.41,451690.76
20180314.0,N,11000000313313,Y,서울특별시 종로구 관철동,서울특별시,종로구,관철동,Y,N,N,엠지호텔,N,198692.39,451868.81
20210130.0,N,11000000313346,Y,서울특별시 강남구 역삼동,서울특별시,강남구,역삼동,Y,N,N,센터필드(조선팰리스호텔),N,202854.29,443685.08
20170713.0,N,11000000313436,Y,서울특별시 용산구 한강로3가,서울특별시,용산구,한강로3가,Y,N,N,서울드래곤시티호텔,N,196587.5,447269.61
20070109.0,N,11000000313602,N,서울특별시 중구 신당동,서울특별시,중구,신당동,N,N,N,신당동 다가구주택,N,201206.4,451081.96
20170608.0,N,11000000314027,Y,서울특별시 마포구 노고산동,서울특별시,마포구,노고산동,Y,N,N,에이치에비뉴호텔(구.노고산동호텔),N,194443.93,450233.27
20200221.0,N,11000000314456,N,서울특별시 종로구 돈의동,서울특별시,종로구,돈의동,N,N,N,호텔더메이,N,199111.2,452186.81
20200901.0,N,11000000314461,N,서울특별시 종로구 숭인동,서울특별시,종로구,숭인동,Y,N,N,호텔 디엠,N,201661.62,452470.77
20180125.0,N,11000000314829,Y,서울특별시 마포구 서교동,서울특별시,마포구,서교동,Y,N,N,라이즈호텔(구.아주호텔서교),N,192385.51,450317.3
20180720.0,N,11000000314883,N,서울특별시 마포구 동교동,서울특별시,마포구,동교동,N,N,N,클레오 호스텔,N,193061.52,450551.29
20200408.0,N,11000000315387,N,서울특별시 종로구 돈의동,서울특별시,종로구,돈의동,N,N,N,엠앤럭키 호텔(M&LUCKY HOTEL),N,199111.2,452186.81
20171106.0,N,11000000316201,Y,서울특별시 중구 쌍림동,서울특별시,중구,쌍림동,Y,N,N,호텔더디자이너스디디피,N,200302.39,451249.58
20181123.0,N,11000000316265,Y,서울특별시 중구 명동2가,서울특별시,중구,명동2가,Y,N,N,메이원 호텔 건물,N,198625.18,451178.81
20171207.0,N,11000000316395,Y,서울특별시 송파구 잠실동,서울특별시,송파구,잠실동,Y,N,N,호텔포레스타1,N,207735.56,445529.41
20180111.0,N,11000000316563,Y,서울특별시 중구 북창동,서울특별시,중구,북창동,Y,N,N,토마스명동호텔,N,197990.37,451104.82
20180116.0,N,11000000317090,N,서울특별시 서초구 서초동,서울특별시,서초구,서초동,N,N,Y,영남빌딩(업플로호스텔),Y,201657.87,443098.69
19690920.0,N,11000000317252,N,서울특별시 용산구 동빙고동,서울특별시,용산구,동빙고동,N,N,N,장문로6길 11,N,199498.32,446908.36
20180409.0,N,11000000317644,Y,서울특별시 중구 남학동,서울특별시,중구,남학동,Y,N,N,홈즈레드호텔(구.디어스명동호텔),N,199118.78,450919.6
20180709.0,N,11000000317717,Y,서울특별시 서초구 신원동,서울특별시,서초구,신원동,Y,N,N,오라카이청계산호텔,N,205431.82,437987.39
20180504.0,N,11000000318025,N,서울특별시 중구 을지로2가,서울특별시,중구,을지로2가,N,N,Y,마이티빌딩(구.명동리테일빌딩),Y,198517.18,451508.81
20181024.0,N,11000000318030,Y,서울특별시 중구 충무로4가,서울특별시,중구,충무로4가,Y,N,N,스테이락호텔,N,199429.18,451109.59
20180428.0,N,11000000318095,Y,서울특별시 중구 회현동1가,서울특별시,중구,회현동1가,Y,N,N,AK타워,N,198269.56,450368.81
20180601.0,N,11000000318305,Y,서울특별시 중구 을지로6가,서울특별시,중구,을지로6가,Y,N,N,노보텔 앰배서더 서울 동대문,N,200516.4,451720.78
20180523.0,N,11000000318372,N,서울특별시 강남구 논현동,서울특별시,강남구,논현동,N,N,N,선우현숙건물,N,202596.32,445602.7
20180626.0,N,11000000318547,Y,서울특별시 서초구 서초동,서울특별시,서초구,서초동,Y,N,N,토요코인호텔(서울강남점),N,201657.87,443098.69
20180710.0,N,11000000318655,Y,서울특별시 송파구 잠실동,서울특별시,송파구,잠실동,Y,N,N,호텔포레스타2(잠실포레스타관광호텔),N,207735.56,445529.41
20210903.0,N,11000000319454,Y,서울특별시 강남구 논현동,서울특별시,강남구,논현동,Y,N,N,보코서울강남호텔,N,202596.32,445602.7
20181022.0,N,11000000319852,Y,서울특별시 서초구 방배동,서울특별시,서초구,방배동,Y,N,Y,방배아이파크빌,Y,199442.64,442357.92
20181026.0,N,11000000319944,N,서울특별시 중구 황학동,서울특별시,중구,황학동,N,N,Y,BIGSTAY(빅스테이),Y,201822.41,451690.76
20181109.0,N,11000000319986,Y,서울특별시 중구 광희동2가,서울특별시,중구,광희동2가,Y,N,N,토요코인호텔(동대문2호점),N,200673.2,451294.37
19811014.0,N,11000000320409,N,서울특별시 중구 무학동,서울특별시,중구,무학동,N,N,N,에이모텔,N,201279.6,451341.97
19680710.0,N,11000000320416,N,서울특별시 중구 을지로3가,서울특별시,중구,을지로3가,N,N,N,충무로9길 41 건물,N,199285.19,451574.8
20180709.0,N,11000000320417,N,서울특별시 중구 광희동2가,서울특별시,중구,광희동2가,N,N,N,르릿,N,200673.2,451294.37
20190418.0,N,11000000320762,N,서울특별시 송파구 문정동,서울특별시,송파구,문정동,N,N,N,메리제인호텔(문정동61-15건물),N,210390.33,442511.75
20181224.0,N,11000000320823,Y,서울특별시 종로구 연지동,서울특별시,종로구,연지동,Y,N,N,호텔파이 종로(케니스토리),N,199942.01,452384.0
20181205.0,N,11000000321557,N,서울특별시 서초구 서초동,서울특별시,서초구,서초동,N,N,N,서초동1478-14건물,N,201657.87,443098.69
20181026.0,N,11000000321561,N,서울특별시 서초구 방배동,서울특별시,서초구,방배동,N,N,N,프라임 빌,N,199442.64,442357.92
20180906.0,N,11000000321562,N,서울특별시 서초구 방배동,서울특별시,서초구,방배동,N,N,N,디벨로퍼,N,199442.64,442357.92
20180817.0,N,11000000321563,N,서울특별시 서초구 방배동,서울특별시,서초구,방배동,N,N,N,방배동 780-31 건물,N,199442.64,442357.92
20180307.0,N,11000000321565,N,서울특별시 서초구 방배동,서울특별시,서초구,방배동,N,N,N,메종슈에뜨16,N,199442.64,442357.92
20180508.0,N,11000000321568,N,서울특별시 서초구 방배동,서울특별시,서초구,방배동,N,N,N,방배동 985-13 건물,N,199442.64,442357.92
20180807.0,N,11000000321572,N,서울특별시 서초구 방배동,서울특별시,서초구,방배동,N,N,N,三井빌딩,N,199442.64,442357.92
20180712.0,N,11000000321574,N,서울특별시 서초구 방배동,서울특별시,서초구,방배동,N,N,N,로얄하우스,N,199442.64,442357.92
20181031.0,N,11000000321652,N,서울특별시 서초구 잠원동,서울특별시,서초구,잠원동,N,N,N,잠원하이츠,N,201177.11,445854.72
20180202.0,N,11000000321653,N,서울특별시 서초구 잠원동,서울특별시,서초구,잠원동,N,N,N,잠원동 12-11 건물,N,201177.11,445854.72
20181219.0,N,11000000321657,N,서울특별시 서초구 서초동,서울특별시,서초구,서초동,N,N,N,서초동 1610-14 건물,N,201657.87,443098.69
20180802.0,N,11000000321660,N,서울특별시 서초구 서초동,서울특별시,서초구,서초동,N,N,N,타란빌,N,201657.87,443098.69
20180228.0,N,11000000321662,N,서울특별시 서초구 서초동,서울특별시,서초구,서초동,N,N,N,서초동 1360-22 건물,N,201657.87,443098.69
20180109.0,N,11000000321663,N,서울특별시 서초구 서초동,서울특별시,서초구,서초동,N,N,N,서초동 1443-22 건물,N,201657.87,443098.69
20181004.0,N,11000000321673,N,서울특별시 서초구 염곡동,서울특별시,서초구,염곡동,N,N,N,소프트플렉스,N,204699.45,440015.82
20180306.0,N,11000000321677,N,서울특별시 서초구 반포동,서울특별시,서초구,반포동,N,N,N,SnD House,N,201111.49,444769.91
20180226.0,N,11000000321679,N,서울특별시 서초구 우면동,서울특별시,서초구,우면동,N,N,N,금파,N,201350.22,440275.87
20190207.0,N,11000000322414,Y,서울특별시 서초구 반포동,서울특별시,서초구,반포동,Y,N,N,알파레타2차,N,201111.49,444769.91
19930811.0,N,11000000322768,N,서울특별시 마포구 창전동,서울특별시,마포구,창전동,N,N,N,white hoise,N,193724.31,449670.07
19900418.0,N,11000000322769,N,서울특별시 마포구 창전동,서울특별시,마포구,창전동,N,N,N,와우힐즈 게스트하우스,N,193724.31,449670.07
20190712.0,N,11000000323307,Y,서울특별시 마포구 망원동,서울특별시,마포구,망원동,Y,N,N,롯데장학재단기숙사(구.샤이닝글로리하우스),N,191213.51,450506.12
20190712.0,N,11000000323547,Y,서울특별시 송파구 잠실동,서울특별시,송파구,잠실동,Y,N,N,호텔더캐슬,N,207735.56,445529.41
19900821.0,N,11000000323794,N,서울특별시 중구 회현동1가,서울특별시,중구,회현동1가,N,N,N,남산스토리나인(구.산마루호스텔),N,198269.56,450368.81
20190808.0,N,11000000324091,Y,서울특별시 종로구 관훈동,서울특별시,종로구,관훈동,Y,N,N,안녕인사동 / 나인트리 파르나스(구.프리미어),N,198578.0,452426.42
20191101.0,N,11000000324515,Y,서울특별시 중구 만리동1가,서울특별시,중구,만리동1가,Y,N,N,서울로빌딩,N,197039.95,450432.83
20191127.0,N,11000000324721,Y,서울특별시 중구 을지로5가,서울특별시,중구,을지로5가,Y,N,N,나인트리호텔 동대문(구.동대문비지니스호텔),N,200145.2,451591.59
20191125.0,N,11000000324784,N,서울특별시 송파구 가락동,서울특별시,송파구,가락동,N,N,N,XYM호텔,N,209279.94,443820.17
20191219.0,N,11000000325171,Y,서울특별시 송파구 방이동,서울특별시,송파구,방이동,Y,N,N,호텔더캐슬 #1,N,210886.78,445428.16
20200123.0,N,11000000325478,Y,서울특별시 마포구 동교동,서울특별시,마포구,동교동,Y,N,N,머큐어앰배서더홍대(판매+숙박),N,193061.52,450551.29
20200120.0,N,11000000325505,Y,서울특별시 중구 을지로6가,서울특별시,중구,을지로6가,Y,N,N,을지로43길 9-8 건물,N,200516.4,451720.78
20190325.0,N,11000000325829,N,서울특별시 서초구 방배동,서울특별시,서초구,방배동,N,N,N,방배동 454-7 건물,N,199442.64,442357.92
20190117.0,N,11000000325830,N,서울특별시 서초구 내곡동,서울특별시,서초구,내곡동,N,N,N,한울,N,206735.46,439567.38
20190702.0,N,11000000325831,N,서울특별시 서초구 방배동,서울특별시,서초구,방배동,N,N,N,방배동 895-12 건물,N,199442.64,442357.92
20190128.0,N,11000000325832,N,서울특별시 서초구 서초동,서울특별시,서초구,서초동,N,N,N,행복이 가득한 집,N,201657.87,443098.69
20190430.0,N,11000000325878,N,서울특별시 서초구 신원동,서울특별시,서초구,신원동,N,N,N,신원동 6-9 건물,N,205431.82,437987.39
20191121.0,N,11000000325884,N,서울특별시 서초구 방배동,서울특별시,서초구,방배동,N,N,N,Santiago,N,199442.64,442357.92
20200615.0,N,11000000326080,Y,서울특별시 중구 남대문로5가,서울특별시,중구,남대문로5가,Y,N,N,라움169호텔,N,197659.16,450589.62
20200611.0,N,11000000326696,N,서울특별시 종로구 관수동,서울특별시,종로구,관수동,Y,N,N,호텔케이월드,N,199087.59,451864.0
20200601.0,N,11000000327155,Y,서울특별시 강남구 신사동,서울특별시,강남구,신사동,Y,N,N,안테룸서울호텔,N,201943.53,446861.12
20230228.0,N,11000000327193,Y,서울특별시 용산구 한강로3가,서울특별시,용산구,한강로3가,Y,N,N,나인트리 프리미어 로카우스 호텔,N,196587.5,447269.61
20210617.0,N,11000000327372,Y,서울특별시 서초구 서초동,서울특별시,서초구,서초동,Y,N,N,(준타워)힐튼가든인서울강남점,N,201657.87,443098.69
20200720.0,N,11000000327413,Y,서울특별시 중구 필동1가,서울특별시,중구,필동1가,Y,N,N,G3호텔,N,199263.58,450977.59
20200731.0,N,11000000327571,N,서울특별시 종로구 충신동,서울특별시,종로구,충신동,Y,N,N,ES DREAM TOWER,N,200456.81,452517.19
20200820.0,N,11000000327595,Y,서울특별시 중구 황학동,서울특별시,중구,황학동,Y,N,N,제이에스빌,N,201822.41,451690.76
19700813.0,N,11000000327824,Y,서울특별시 중구 중림동,서울특별시,중구,중림동,Y,N,N,랑호텔(청파로 431 건물),N,196942.36,450766.43
20201123.0,N,11000000328457,N,서울특별시 중구 을지로5가,서울특별시,중구,을지로5가,N,N,Y,무아데자뷰,Y,200145.2,451591.59
20201216.0,N,11000000328697,Y,서울특별시 중구 북창동,서울특별시,중구,북창동,Y,N,N,예신라 크로마하우스,N,197990.37,451104.82
20210723.0,N,11000000328919,Y,서울특별시 마포구 합정동,서울특별시,마포구,합정동,Y,N,N,주니비노호텔(구 준희빈호텔),N,192132.7,449936.5
20210405.0,N,11000000329790,Y,서울특별시 중구 충무로2가,서울특별시,중구,충무로2가,Y,N,N,명동헨나호텔,N,199012.38,451085.6
20210503.0,N,11000000330013,N,서울특별시 종로구 효제동,서울특별시,종로구,효제동,Y,N,N,(주)해와 건물,N,200200.41,452255.99
20210518.0,N,11000000330131,Y,서울특별시 마포구 도화동,서울특별시,마포구,도화동,Y,N,N,"에비뉴67(구.마포로1구역제12,13지구)",N,195500.31,448811.64
20210528.0,N,11000000330194,Y,서울특별시 송파구 방이동,서울특별시,송파구,방이동,Y,N,N,호텔더캐슬 #2,N,210886.78,445428.16
20210611.0,N,11000000330395,Y,서울특별시 중구 을지로5가,서울특별시,중구,을지로5가,Y,N,N,호텔유파이브(구을지로호텔),N,200145.2,451591.59
20210630.0,N,11000000330923,Y,서울특별시 송파구 신천동,서울특별시,송파구,신천동,Y,N,N,KT송파타워(KT복합시설) (중점),N,208891.58,446233.8
20130319.0,N,11000000331422,N,서울특별시 중구 북창동,서울특별시,중구,북창동,Y,N,N,신신호텔2,N,197990.37,451104.82
20210923.0,N,11000000331710,Y,서울특별시 중구 남대문로2가,서울특별시,중구,남대문로2가,Y,N,N,하이드파크(Hyde Park)스탠포드호텔,N,198342.78,451268.81
20221019.0,N,11000000331777,Y,서울특별시 중구 충무로4가,서울특별시,중구,충무로4가,Y,N,N,충무로하늘N오피스텔,N,199429.18,451109.59
20211027.0,N,11000000331897,Y,서울특별시 중구 을지로7가,서울특별시,중구,을지로7가,Y,N,N,세승빌딩(신축),N,200791.2,451540.77
20220221.0,N,11000000333330,Y,서울특별시 강남구 역삼동,서울특별시,강남구,역삼동,Y,N,N,브라운도트역삼,N,202854.29,443685.08
20220510.0,N,11000000333497,N,서울특별시 종로구 낙원동,서울특별시,종로구,낙원동,Y,N,N,N285호텔(낙원동호텔),N,198924.0,452252.01
20220413.0,N,11000000333540,Y,서울특별시 강남구 논현동,서울특별시,강남구,논현동,Y,N,N,아난티앳강남,N,202596.32,445602.7
20220730.0,N,11000000334169,N,서울특별시 종로구 창신동,서울특별시,종로구,창신동,Y,N,N,창신동관광숙박시설,Y,201063.62,452547.98
20220818.0,N,11000000334252,Y,서울특별시 마포구 마포동,서울특별시,마포구,마포동,Y,N,N,호텔 나루,N,194965.5,448319.64
20220930.0,N,11000000334845,Y,서울특별시 서초구 서초동,서울특별시,서초구,서초동,Y,N,N,지젤시그니티서초,N,201657.87,443098.69
20220926.0,N,11000000334924,Y,서울특별시 중구 충무로1가,서울특별시,중구,충무로1가,Y,N,N,LeMERIDIEN moxy르메르디앙 명동(목시빌딩),N,198354.37,451017.61
20221208.0,N,11000000335576,N,서울특별시 서초구 방배동,서울특별시,서초구,방배동,N,N,N,주식회사 세진개발 건물,N,199442.64,442357.92
20230120.0,N,11000000335781,Y,서울특별시 종로구 연지동,서울특별시,종로구,연지동,Y,N,N,연지빌,N,199942.01,452384.0
20230130.0,N,11000000336125,N,서울특별시 중구 필동1가,서울특별시,중구,필동1가,Y,N,N,빌리브아카이브남산(필동1가43-1),N,199263.58,450977.59
20230228.0,N,11000000336458,Y,서울특별시 중구 남대문로3가,서울특별시,중구,남대문로3가,Y,N,N,더스테이 클래식,N,198191.57,451081.61
20230310.0,N,11000000336509,Y,서울특별시 강남구 역삼동,서울특별시,강남구,역삼동,Y,N,N,엘트리타워,N,202854.29,443685.08
20230323.0,N,11000000336700,Y,서울특별시 중구 을지로2가,서울특별시,중구,을지로2가,Y,N,N,기랑에셋(구.SM명동),N,198517.18,451508.81
20230322.0,N,11000000336701,Y,서울특별시 중구 을지로2가,서울특별시,중구,을지로2가,Y,N,N,명동M타워(호텔베르),N,198517.18,451508.81
20230413.0,N,11000000336973,Y,서울특별시 종로구 관수동,서울특별시,종로구,관수동,Y,N,N,(주)누보홀딩스 건물,N,199087.59,451864.0
20230419.0,N,11000000337029,Y,서울특별시 종로구 익선동,서울특별시,종로구,익선동,Y,N,N,URBAN STAY(익선동53),N,199020.0,452449.21
20230421.0,N,11000000337048,Y,서울특별시 마포구 서교동,서울특별시,마포구,서교동,Y,N,N,누디트 홍대(구.서교동공유복합시설),N,192385.51,450317.3
20230615.0,N,11000000337447,Y,서울특별시 서초구 서초동,서울특별시,서초구,서초동,Y,N,N,서초로이지움지젤,N,201657.87,443098.69
20230605.0,N,11000000337743,Y,서울특별시 중구 태평로2가,서울특별시,중구,태평로2가,Y,N,N,기림빌딩(태평로2가 68-8외1필지),N,197841.57,451189.62
20230721.0,N,11000000337912,Y,서울특별시 중구 충무로4가,서울특별시,중구,충무로4가,Y,N,N,더솔라고세운(세운재정비구역6-2-24),N,199429.18,451109.59
19960904.0,N,11000000338054,Y,서울특별시 강남구 신사동,서울특별시,강남구,신사동,Y,N,N,(주)엔크로건물 (단델리온 1호점),N,201943.53,446861.12
20230922.0,N,11000000338212,Y,서울특별시 중구 충무로5가,서울특별시,중구,충무로5가,Y,N,N,디앤써밋충무로(충무로5가 22-21),N,199915.19,451205.59
20231027.0,N,11000000338357,Y,서울특별시 강남구 역삼동,서울특별시,강남구,역삼동,Y,N,N,역삼동 823-5건물,N,202854.29,443685.08
20240206.0,N,11330000012820,Y,서울특별시 중구 광희동1가,서울특별시,중구,광희동1가,Y,N,N,서울앤호스텔(seoul n hostel),N,200500.4,451437.98
20230302.0,N,11330000019341,Y,서울특별시 중구 쌍림동,서울특별시,중구,쌍림동,Y,N,N,위코스테이(구.하우스사라),N,200302.39,451249.58
,N,11330000042946,Y,서울특별시 강남구 역삼동,서울특별시,강남구,역삼동,Y,N,N,823TOWER(아르떼강남),N,202854.29,443685.08
20240520.0,N,11330000048599,N,서울특별시 종로구 인의동,서울특별시,종로구,인의동,N,N,N,인의동 89-15(아뜰리에),N,199724.4,452226.8
20240620.0,N,11330000063502,Y,서울특별시 강남구 역삼동,서울특별시,강남구,역삼동,Y,N,N,역삼동 719-17건물,N,202854.29,443685.08
20240620.0,N,11330000066999,Y,서울특별시 강남구 역삼동,서울특별시,강남구,역삼동,Y,N,N,역삼동719-16건물,N,202854.29,443685.08
,N,11330000091736,N,서울특별시 용산구 이태원동,서울특별시,용산구,이태원동,N,N,N,호스텔 펠라즈,N,199181.54,448667.98
20240912.0,N,11330000093857,Y,서울특별시 중구 입정동,서울특별시,중구,입정동,Y,N,N,세운푸르지오 G팰리스 A동,N,199287.99,451725.2
20240912.0,N,11330000093869,Y,서울특별시 중구 산림동,서울특별시,중구,산림동,Y,N,N,세운푸르지오 G팰리스 B동,N,199533.59,451716.0
,N,11330000095565,N,서울특별시 강남구 논현동,서울특별시,강남구,논현동,N,N,N,신정미 건물(논현동 214-9 건물),N,202596.32,445602.7
20241120.0,N,11330000109408,Y,서울특별시 중구 을지로6가,서울특별시,중구,을지로6가,Y,N,N,더 스텔라 팰리스,N,200516.4,451720.78
,N,11330000115633,N,서울특별시 중구 황학동,서울특별시,중구,황학동,N,N,Y,황학동 1754,Y,201822.41,451690.76
,N,11330000116205,N,서울특별시 종로구 연건동,서울특별시,종로구,연건동,Y,N,N,브루클린호텔(연건동195-14),Y,199901.22,452930.8
,N,11330000129700,N,서울특별시 종로구 숭인동,서울특별시,종로구,숭인동,N,N,N,숭인동 178-90(김지훈 건물),N,201661.62,452470.77
,N,11330000130415,N,서울특별시 중구 회현동3가,서울특별시,중구,회현동3가,N,N,N,회현동3가 8 건물,N,198521.97,450875.21
,N,11330000130437,N,서울특별시 중구 회현동3가,서울특별시,중구,회현동3가,N,N,N,회현동3가 8-4 건물,N,198521.97,450875.21
20020925.0,N,11330000131744,N,서울특별시 마포구 동교동,서울특별시,마포구,동교동,N,N,N,(주)비아르떼건물,N,193061.52,450551.29
,N,11330000132451,N,서울특별시 용산구 이태원동,서울특별시,용산구,이태원동,N,N,N,이태원동 64-24,N,199181.54,448667.98
,N,11330000134231,N,서울특별시 강남구 논현동,서울특별시,강남구,논현동,N,N,N,이혜로운주식회사 외 1인 건물,N,202596.32,445602.7
,N,11330000135336,N,서울특별시 중구 황학동,서울특별시,중구,황학동,N,N,N,황학동 731-1 건물,N,201822.41,451690.76
20251231.0,N,11330000138067,N,서울특별시 송파구 방이동,서울특별시,송파구,방이동,Y,N,N,호텔베네 롯데타워점(방이동 38-14),N,210886.78,445428.16
,N,11330000138440,N,서울특별시 종로구 원남동,서울특별시,종로구,원남동,N,N,N,원남동 228-1,N,199709.21,452580.8
,N,11330000138780,Y,서울특별시 중구 남대문로5가,서울특별시,중구,남대문로5가,Y,N,N,남대문로5가 178 건물,N,197659.16,450589.62
20260119.0,N,11330000140193,N,서울특별시 중구 을지로3가,서울특별시,중구,을지로3가,N,N,N,을지로3가 282-7,N,199285.19,451574.8
